{
    "ndk_module_path" :[
        "../../cocos2d-x",
        "../../cocos2d-x/cocos/",
        "../../cocos2d-x/external",
        "../../cocos2d-x/cocos/scripting",
        "../../cocos2d-x/cocos/quick_libs"
    ],
    "copy_resources": [
        {
            "from": "../../../src",
            "to": "src"
        },
        {
            "from": "../../../res",
            "to": "res"
        }
    ],
    "must_copy_resources": [
        {
            "from": "../../../config.json",
            "to": ""
        }
    ]
}
