{"appMinVersion": "1.1.2", "platform": "Android", "tag": 977, "appVersion": "1.1.2", "files": {"res/audios/sfx_step_siege02.mp3": {"crc32": "77c705e6", "tag": "150cc85", "size": 11169}, "res/animations/heihua_qibing_2_45.ExportJson": {"crc32": "ceecf070", "tag": "150cc85", "size": 3401}, "res/images/background_gacha_1.jpg": {"crc32": "c6e7f92b", "tag": "150cc85", "size": 83965}, "res/animations/building_animation0_alpha_etc1.png": {"crc32": "3a449129", "tag": "150cc85", "size": 231129}, "res/images/dragonChest_1_128x128.png": {"crc32": "fe37524a", "tag": "0fb8b87", "size": 10941}, "res/images/heroBones_128x128.png": {"crc32": "b803beab", "tag": "150cc85", "size": 4157}, "res/animations/shaobing_2_90.ExportJson": {"crc32": "47a4dff6", "tag": "150cc85", "size": 10601}, "res/animations/nugongshou_1_45.ExportJson": {"crc32": "2018744d", "tag": "150cc85", "size": 9148}, "res/images/woodBonus_2_128x128_alpha_etc1.png": {"crc32": "3a09752e", "tag": "150cc85", "size": 185}, "res/images/right_background_1_iceField.jpg": {"crc32": "3560da99", "tag": "150cc85", "size": 317025}, "res/audios/sfx_ballista_attack.mp3": {"crc32": "54e2d0bc", "tag": "150cc85", "size": 8097}, "res/animations/heihua_toushiche_3_45.ExportJson": {"crc32": "43e928ae", "tag": "150cc85", "size": 952}, "res/shaders/mask_layer.fs": {"crc32": "b4948ce2", "tag": "150cc85", "size": 1156}, "res/images/marchSpeedBonus_128x128.png": {"crc32": "70cbb2ba", "tag": "0fb8b87", "size": 6277}, "res/animations/gongjianshou_1_90.ExportJson": {"crc32": "21ccbf42", "tag": "150cc85", "size": 12131}, "res/images/marchSpeedBonus_2_128x128.png": {"crc32": "39934f35", "tag": "0fb8b87", "size": 7413}, "res/images/mintedcoin_128x128.png": {"crc32": "ef56e8ae", "tag": "150cc85", "size": 4637}, "res/images/emoji.png": {"crc32": "3d5b83ca", "tag": "150cc85", "size": 233469}, "res/animations/heihua_nugongshou_2_45.ExportJson": {"crc32": "1803be8e", "tag": "150cc85", "size": 3474}, "res/images/citizenClass_2_128x128_alpha_etc1.png": {"crc32": "34bde612", "tag": "150cc85", "size": 141}, "res/images/steelIngot_128x128.png": {"crc32": "7cf4fe0e", "tag": "0fb8b87", "size": 7301}, "res/images/rescueTent_128x128.png": {"crc32": "44fe8ec2", "tag": "150cc85", "size": 5529}, "res/images/tech_cavalry_128x128.png": {"crc32": "f463c5e1", "tag": "150cc85", "size": 4773}, "res/images/rescueTent_128x128_alpha_etc1.png": {"crc32": "43ddf7f4", "tag": "150cc85", "size": 929}, "res/images/earthquake_128x128.png": {"crc32": "055c333c", "tag": "150cc85", "size": 5621}, "res/images/logistics_128x128.png": {"crc32": "530f70c8", "tag": "150cc85", "size": 5541}, "res/images/ironBonus_2_128x128.png": {"crc32": "a692ff77", "tag": "150cc85", "size": 6573}, "res/images/redChest_s3_128x128.png": {"crc32": "48563a5f", "tag": "0fb8b87", "size": 7173}, "res/audios/sfx_select_toolshop.mp3": {"crc32": "ba9a23f6", "tag": "150cc85", "size": 21633}, "res/animations/shaobing_3_45.ExportJson": {"crc32": "7f25661f", "tag": "150cc85", "size": 8842}, "res/images/citizenBonus_3_128x128_alpha_etc1.png": {"crc32": "b8c63548", "tag": "150cc85", "size": 237}, "res/images/warSpeedup_1_128x128.png": {"crc32": "1a21a5bc", "tag": "0fb8b87", "size": 7973}, "res/animations/heihua_gongjianshou_2_90.ExportJson": {"crc32": "a9abc187", "tag": "150cc85", "size": 12499}, "res/images/coinBonus_1_128x128_alpha_etc1.png": {"crc32": "383ef336", "tag": "150cc85", "size": 261}, "res/images/stoneBonus_2_128x128.png": {"crc32": "e016f44f", "tag": "150cc85", "size": 6473}, "res/images/left_background_2_grassLand.jpg": {"crc32": "c9586e9e", "tag": "150cc85", "size": 440757}, "res/images/forestation_128x128_alpha_etc1.png": {"crc32": "f0178c57", "tag": "150cc85", "size": 933}, "res/images/blueArmguard_s2_128x128.png": {"crc32": "df3b45ce", "tag": "0fb8b87", "size": 8665}, "res/images/woodClass_5_128x128.png": {"crc32": "33e2c546", "tag": "0fb8b87", "size": 7661}, "res/images/tmp_alliance_graphic_88x88_27.png": {"crc32": "b5f24cfa", "tag": "0fb8b87", "size": 1545}, "res/images/terrain_pvr1.plist": {"crc32": "3a3738ed", "tag": "150cc85", "size": 3353}, "res/audios/sfx_building_destroy.mp3": {"crc32": "00ad4555", "tag": "150cc85", "size": 25953}, "res/images/red_packet_2_128x128.png": {"crc32": "6752d644", "tag": "150cc85", "size": 26045}, "res/images/splash_process_color_606x25.png": {"crc32": "7b980df9", "tag": "150cc85", "size": 413}, "res/images/sketching_128x128.png": {"crc32": "65028010", "tag": "150cc85", "size": 5669}, "res/animations/heihua_animation_45_0.png": {"crc32": "c765743b", "tag": "150cc85", "size": 183773}, "res/animations/shaobing_1_90.ExportJson": {"crc32": "f3d49216", "tag": "150cc85", "size": 10613}, "res/images/fire.png": {"crc32": "339854e4", "tag": "150cc85", "size": 457}, "res/images/tmp_alliance_graphic_88x88_13.png": {"crc32": "a7d0040e", "tag": "0fb8b87", "size": 2017}, "res/images/foodClass_4_128x128.png": {"crc32": "259d5836", "tag": "0fb8b87", "size": 8017}, "res/animations/bubing_3_45.ExportJson": {"crc32": "2f7987a8", "tag": "150cc85", "size": 8948}, "scripts/game.zip": {"crc32": "903153bf", "tag": "0fb8b87", "size": 3227753}, "res/images/ironBonus_3_128x128.png": {"crc32": "6a05aa2d", "tag": "150cc85", "size": 6501}, "res/images/region_only1.plist": {"crc32": "00d33867", "tag": "150cc85", "size": 5250}, "res/images/flawedBlueCrystal_128x128.png": {"crc32": "01186c78", "tag": "150cc85", "size": 4513}, "res/images/perfectBlueCrystal_128x128.png": {"crc32": "c96aadce", "tag": "150cc85", "size": 7173}, "res/images/unitHpBonus_3_128x128.png": {"crc32": "ed44ab41", "tag": "0fb8b87", "size": 10257}, "res/animations/dragon_breath_0_alpha_etc1.png": {"crc32": "be2c3d18", "tag": "150cc85", "size": 294637}, "res/images/siegeAtkBonus_1_128x128.png": {"crc32": "47ef8ddd", "tag": "150cc85", "size": 7337}, "res/images/chestKey_2_128x128.png": {"crc32": "e1efe964", "tag": "0fb8b87", "size": 2805}, "res/images/bowTarget_128x128.png": {"crc32": "210bba4d", "tag": "150cc85", "size": 5641}, "res/audios/sfx_select_tower.mp3": {"crc32": "d6c606f6", "tag": "150cc85", "size": 14721}, "res/images/tmp_alliance_graphic_88x88_9.png": {"crc32": "acd13f2b", "tag": "0fb8b87", "size": 2537}, "res/images/cavalryAtkBonus_1_128x128_alpha_etc1.png": {"crc32": "bbe0388d", "tag": "150cc85", "size": 149}, "res/images/skip.png": {"crc32": "4e9adc35", "tag": "150cc85", "size": 4089}, "res/images/quarterMaster_2_128x128.png": {"crc32": "c9b2e180", "tag": "0fb8b87", "size": 9957}, "res/images/right_background_1_desert.jpg": {"crc32": "219acd9e", "tag": "150cc85", "size": 331353}, "res/images/tmp_shrine_open_icon_96x96.png": {"crc32": "a1e1ee02", "tag": "150cc85", "size": 5133}, "res/animations/heihua_shaobing_2_45.ExportJson": {"crc32": "e26fcd0e", "tag": "150cc85", "size": 3312}, "res/images/logistics_128x128_alpha_etc1.png": {"crc32": "d8dfb834", "tag": "150cc85", "size": 1017}, "res/images/tech_infantry_128x128_alpha_etc1.png": {"crc32": "676c5d32", "tag": "150cc85", "size": 905}, "res/images/greenSoul_4_128x128.png": {"crc32": "1acb4418", "tag": "0fb8b87", "size": 12305}, "res/images/arrow_circle_mine.png": {"crc32": "41fea78e", "tag": "150cc85", "size": 7737}, "res/audios/sfx_step_infantry02.mp3": {"crc32": "3db0fc78", "tag": "150cc85", "size": 4257}, "res/images/masterOfDefender_2_128x128.png": {"crc32": "2d29335a", "tag": "0fb8b87", "size": 9429}, "res/audios/ui_building_upgrade.mp3": {"crc32": "146da9e4", "tag": "150cc85", "size": 29601}, "res/images/speedup_7_128x128.png": {"crc32": "7f27c1a4", "tag": "0fb8b87", "size": 8253}, "res/images/saddle_128x128.png": {"crc32": "1505bc4f", "tag": "150cc85", "size": 4069}, "res/images/titanRunes_128x128.png": {"crc32": "7619045c", "tag": "0fb8b87", "size": 9997}, "res/animations/cloud0.plist": {"crc32": "5afd0eac", "tag": "150cc85", "size": 1242}, "res/images/flawedGreenCrystal_128x128.png": {"crc32": "298a3ff8", "tag": "150cc85", "size": 4957}, "res/audios/sfx_pve_move1.mp3": {"crc32": "c8871ae4", "tag": "150cc85", "size": 4641}, "res/images/pve_background.jpg": {"crc32": "ba443843", "tag": "150cc85", "size": 124681}, "res/audios/sfx_desert.mp3": {"crc32": "db07fe5a", "tag": "150cc85", "size": 277393}, "res/animations/youqibing_2_90.ExportJson": {"crc32": "72fe3a68", "tag": "150cc85", "size": 13294}, "res/images/casinoTokenClass_2_128x128.png": {"crc32": "8c944a28", "tag": "0fb8b87", "size": 5585}, "res/images/flawedRedCrystal_128x128.png": {"crc32": "6bd9b57c", "tag": "150cc85", "size": 4181}, "res/images/fogOfTrick_2_128x128.png": {"crc32": "586b814c", "tag": "150cc85", "size": 6597}, "res/images/greedy_128x128.png": {"crc32": "2dfec998", "tag": "150cc85", "size": 6129}, "res/audios/sfx_pve_star1.mp3": {"crc32": "2fb56a14", "tag": "150cc85", "size": 7974}, "res/images/tmp_alliance_graphic_88x88_20.png": {"crc32": "017a33c8", "tag": "0fb8b87", "size": 2381}, "res/images/blueOrd_s4_128x128.png": {"crc32": "3c308475", "tag": "0fb8b87", "size": 8785}, "res/animations/red_long_breath.ExportJson": {"crc32": "42b1466f", "tag": "150cc85", "size": 3891}, "res/images/siegeEnhance_red_128x128.png": {"crc32": "bfa56455", "tag": "150cc85", "size": 5169}, "res/animations/bubing_1_90.ExportJson": {"crc32": "5ad36af8", "tag": "150cc85", "size": 10322}, "res/images/upgrade_icon_14x16.png": {"crc32": "78813147", "tag": "150cc85", "size": 1141}, "res/images/redCrown_s4_128x128.png": {"crc32": "18da18c2", "tag": "0fb8b87", "size": 11909}, "res/animations/zhihuishi.ExportJson": {"crc32": "60766df0", "tag": "150cc85", "size": 1723}, "res/audios/sfx_battle.mp3": {"crc32": "596aa1f0", "tag": "150cc85", "size": 395940}, "res/animations/mofang.ExportJson": {"crc32": "3496502e", "tag": "150cc85", "size": 3308}, "res/images/chest_4_128x128.png": {"crc32": "288cff04", "tag": "0fb8b87", "size": 10933}, "res/images/woodClass_3_128x128.png": {"crc32": "9f8fa2bc", "tag": "0fb8b87", "size": 8621}, "res/shaders/poissonblur.fs": {"crc32": "53bafb67", "tag": "150cc85", "size": 1558}, "res/images/vipPoint_4_128x128.png": {"crc32": "e8127df0", "tag": "0fb8b87", "size": 9105}, "res/images/colonization_128x128.png": {"crc32": "550d87e5", "tag": "150cc85", "size": 4081}, "res/images/tmp_march_queue_128x128.png": {"crc32": "8bfdc43e", "tag": "0fb8b87", "size": 11389}, "res/images/foodBonus_2_128x128_alpha_etc1.png": {"crc32": "67dad472", "tag": "150cc85", "size": 325}, "res/images/pureRunes_128x128.png": {"crc32": "4b41649f", "tag": "0fb8b87", "size": 8621}, "res/images/frenzied_128x128.png": {"crc32": "e734ff68", "tag": "150cc85", "size": 6149}, "res/audios/sfx_step_siege01.mp3": {"crc32": "53d9d5b7", "tag": "150cc85", "size": 12321}, "res/animations/soldiers_animation_45_0.png": {"crc32": "782e40bf", "tag": "150cc85", "size": 844625}, "res/animations/npc_nan.ExportJson": {"crc32": "149ccb36", "tag": "150cc85", "size": 5474}, "res/images/alliance_battle_bg_612x886.jpg": {"crc32": "08db5e85", "tag": "150cc85", "size": 88677}, "res/images/deathHand_128x128.png": {"crc32": "c0e05374", "tag": "150cc85", "size": 6005}, "res/images/splash_tips_bg_544x30.png": {"crc32": "8e2a4ed4", "tag": "150cc85", "size": 1237}, "res/audios/sfx_select_blackSmith.mp3": {"crc32": "e54dea98", "tag": "150cc85", "size": 17889}, "res/images/archerenhance_green_128x128.png": {"crc32": "83a20e42", "tag": "150cc85", "size": 5521}, "res/images/unitHpBonus_128x128.png": {"crc32": "b34f4345", "tag": "0fb8b87", "size": 9665}, "res/images/skip1.png": {"crc32": "37d07262", "tag": "150cc85", "size": 7233}, "res/animations/heihua_youqibing_3_90.ExportJson": {"crc32": "62ce03da", "tag": "150cc85", "size": 13929}, "res/animations/gongjianshou_3_45.ExportJson": {"crc32": "97c936bc", "tag": "150cc85", "size": 9250}, "res/images/ui_png0.png": {"crc32": "86a47ee4", "tag": "150cc85", "size": 2285877}, "res/images/redCrystal_128x128.png": {"crc32": "379e7619", "tag": "150cc85", "size": 7069}, "res/images/stoneCarving_128x128_alpha_etc1.png": {"crc32": "6a4ff148", "tag": "150cc85", "size": 1209}, "res/images/arrow_down_enemy.png": {"crc32": "a0aa678a", "tag": "150cc85", "size": 6405}, "res/audios/sfx_click_start.mp3": {"crc32": "66608dc9", "tag": "150cc85", "size": 19329}, "res/animations/duizhan.ExportJson": {"crc32": "087dd412", "tag": "150cc85", "size": 4001}, "res/audios/sfx_troop_lose.mp3": {"crc32": "620820df", "tag": "150cc85", "size": 5505}, "res/images/tmp_alliance_graphic_88x88_28.png": {"crc32": "fd27fa61", "tag": "0fb8b87", "size": 1577}, "res/images/tmp_alliance_graphic_88x88_16.png": {"crc32": "bebf60f6", "tag": "0fb8b87", "size": 1729}, "res/images/dragonbreath_128x128.png": {"crc32": "15733d8c", "tag": "150cc85", "size": 5801}, "res/images/infantryAtkBonus_128x128_alpha_etc1.png": {"crc32": "664b09a2", "tag": "150cc85", "size": 945}, "res/images/citizenBonus_128x128.png": {"crc32": "e80389ab", "tag": "150cc85", "size": 6509}, "res/animations/heihua_shaobing_3_90.ExportJson": {"crc32": "1d16b88c", "tag": "150cc85", "size": 10895}, "res/images/siegeAtkBonus_3_128x128.png": {"crc32": "4299b132", "tag": "150cc85", "size": 7805}, "res/images/tmp_alliance_graphic_88x88_30.png": {"crc32": "f2c430ef", "tag": "0fb8b87", "size": 2237}, "res/images/yellow_bg_128x128.png": {"crc32": "d4866ef6", "tag": "0fb8b87", "size": 2825}, "res/images/citizenBonus_2_128x128.png": {"crc32": "be651493", "tag": "150cc85", "size": 7441}, "res/images/heroBlood_2_128x128.png": {"crc32": "80e40cfe", "tag": "0fb8b87", "size": 6377}, "res/audios/sfx_complete.mp3": {"crc32": "1905dc8f", "tag": "150cc85", "size": 21057}, "res/images/upgrade_time_5.png": {"crc32": "8cf64a14", "tag": "0fb8b87", "size": 8961}, "res/images/dragonChest_3_128x128.png": {"crc32": "c3184901", "tag": "0fb8b87", "size": 11205}, "res/animations/dragon_fly_0.plist": {"crc32": "eb4a3bfd", "tag": "150cc85", "size": 46151}, "res/images/catapult_2.png": {"crc32": "cc662bf9", "tag": "0fb8b87", "size": 14865}, "res/images/tmp_alliance_graphic_88x88_29.png": {"crc32": "60b0b571", "tag": "0fb8b87", "size": 1013}, "res/i18n/en.mo": {"crc32": "9297bd44", "tag": "150cc85", "size": 211079}, "res/images/tmp_alliance_graphic_88x88_14.png": {"crc32": "494afa65", "tag": "0fb8b87", "size": 1333}, "res/images/greenArmguard_s2_128x128.png": {"crc32": "e5b0a424", "tag": "0fb8b87", "size": 8997}, "res/animations/gongjianshou_2_90.ExportJson": {"crc32": "5dff0c04", "tag": "150cc85", "size": 12130}, "res/animations/heihua_qibing_2_90.ExportJson": {"crc32": "6d64facf", "tag": "150cc85", "size": 11247}, "res/images/tmp_alliance_graphic_88x88_26.png": {"crc32": "3895597d", "tag": "0fb8b87", "size": 1837}, "res/images/ironPart_128x128.png": {"crc32": "61b97529", "tag": "150cc85", "size": 4997}, "res/animations/xuedi_nv.ExportJson": {"crc32": "4477d820", "tag": "150cc85", "size": 5750}, "res/images/coinBonus_2_128x128_alpha_etc1.png": {"crc32": "ab5a0e64", "tag": "150cc85", "size": 249}, "res/images/casinoTokenClass_4_128x128.png": {"crc32": "659c7d13", "tag": "0fb8b87", "size": 8445}, "res/images/mission_header_bg_616x184.jpg": {"crc32": "10ca2c66", "tag": "150cc85", "size": 15077}, "res/images/tiles_128x128_alpha_etc1.png": {"crc32": "895b9744", "tag": "150cc85", "size": 181}, "res/images/loading_circle_green.png": {"crc32": "d8083465", "tag": "150cc85", "size": 3621}, "res/images/pulley_128x128_alpha_etc1.png": {"crc32": "ef2fdb54", "tag": "150cc85", "size": 169}, "res/images/ui_pvr1.png": {"crc32": "3af59a47", "tag": "150cc85", "size": 3105693}, "res/images/player_icon_5.png": {"crc32": "aa270dc4", "tag": "0fb8b87", "size": 7541}, "res/images/redCrown_s2_128x128.png": {"crc32": "40398bcc", "tag": "0fb8b87", "size": 7753}, "res/images/ironIngot_128x128.png": {"crc32": "46afb67d", "tag": "0fb8b87", "size": 5693}, "res/images/recover_128x128_alpha_etc1.png": {"crc32": "0cd58226", "tag": "150cc85", "size": 925}, "res/animations/lupai.ExportJson": {"crc32": "31c7d0bb", "tag": "150cc85", "size": 1761}, "res/tmxmaps/alliance_iceField1.tmx": {"crc32": "9aa826e6", "tag": "150cc85", "size": 489}, "res/images/right_background_1_grassLand.jpg": {"crc32": "b97be7b4", "tag": "150cc85", "size": 552845}, "res/images/right_background_2_grassLand.jpg": {"crc32": "e5a0579a", "tag": "150cc85", "size": 408605}, "res/audios/sfx_deathKnight_attack.mp3": {"crc32": "913a4707", "tag": "150cc85", "size": 13281}, "res/images/vipActive_4_128x128.png": {"crc32": "7c63c5e7", "tag": "0fb8b87", "size": 8645}, "res/images/region_only1.png": {"crc32": "a3b0b952", "tag": "150cc85", "size": 73249}, "res/images/archerAtkBonus_2_128x128.png": {"crc32": "465540fd", "tag": "150cc85", "size": 7713}, "res/images/flawlessBlueCrystal_128x128_alpha_etc1.png": {"crc32": "224fe97b", "tag": "150cc85", "size": 273}, "res/animations/heihua_gongjianshou_2_45.ExportJson": {"crc32": "15ed658b", "tag": "150cc85", "size": 3512}, "res/images/woodBonus_3_128x128.png": {"crc32": "ab870556", "tag": "150cc85", "size": 6521}, "res/animations/heihua_animation_90_1.png": {"crc32": "7afb0307", "tag": "150cc85", "size": 571801}, "res/images/world_bg.png": {"crc32": "3dcd0935", "tag": "150cc85", "size": 133417}, "res/animations/gezi.ExportJson": {"crc32": "7bc1756e", "tag": "150cc85", "size": 2360}, "res/images/back_ground_vip_608x164.jpg": {"crc32": "0967d3e3", "tag": "150cc85", "size": 18529}, "res/images/redOrd_s3_128x128.png": {"crc32": "c587baad", "tag": "0fb8b87", "size": 7657}, "res/audios/sfx_heal.mp3": {"crc32": "4a771e19", "tag": "150cc85", "size": 10113}, "res/images/foodBonus_1_128x128.png": {"crc32": "642ed7a5", "tag": "150cc85", "size": 7253}, "res/animations/heihua_youqibing_2_90.ExportJson": {"crc32": "1ce2124b", "tag": "150cc85", "size": 14053}, "res/images/tmp_alliance_graphic_88x88_21.png": {"crc32": "205b7018", "tag": "0fb8b87", "size": 1217}, "res/images/cavalryAtkBonus_3_128x128.png": {"crc32": "f5a303cf", "tag": "150cc85", "size": 7777}, "res/images/coinBonus_128x128_alpha_etc1.png": {"crc32": "4864eaf2", "tag": "150cc85", "size": 921}, "res/audios/sfx_select_lumbermill.mp3": {"crc32": "c7c22dcd", "tag": "150cc85", "size": 34305}, "res/animations/siwangqishi_45.ExportJson": {"crc32": "61c69228", "tag": "150cc85", "size": 10862}, "res/animations/tong_box.ExportJson": {"crc32": "93187f49", "tag": "150cc85", "size": 2579}, "res/images/tmp_alliance_graphic_88x88_6.png": {"crc32": "42d3c25c", "tag": "0fb8b87", "size": 1941}, "res/animations/bubing_2_45.ExportJson": {"crc32": "c89c2fd4", "tag": "150cc85", "size": 8948}, "res/images/region_tips_556x344.jpg": {"crc32": "a2e4c461", "tag": "150cc85", "size": 73609}, "res/images/foodClass_2_128x128.png": {"crc32": "9a22acee", "tag": "0fb8b87", "size": 5013}, "res/images/tmp_alliance_graphic_88x88_8.png": {"crc32": "93ecf403", "tag": "0fb8b87", "size": 2169}, "res/images/dragonHpBonus_128x128.png": {"crc32": "6fbdab18", "tag": "0fb8b87", "size": 10801}, "res/images/ui_pvr2.plist": {"crc32": "31b3f9b1", "tag": "150cc85", "size": 77812}, "res/images/speedup_4_128x128.png": {"crc32": "f5a17695", "tag": "0fb8b87", "size": 7029}, "res/animations/bubing_1_45.ExportJson": {"crc32": "85a14b0f", "tag": "150cc85", "size": 8950}, "res/images/tech_hp_128x128.png": {"crc32": "82cb1a76", "tag": "150cc85", "size": 4225}, "res/images/b_swordsman_3.png": {"crc32": "6317a91f", "tag": "0fb8b87", "size": 11029}, "res/animations/toushiche_2_90.ExportJson": {"crc32": "780b86b7", "tag": "150cc85", "size": 8731}, "res/images/leadership_128x128_alpha_etc1.png": {"crc32": "530b9c5f", "tag": "150cc85", "size": 889}, "res/images/flawlessRedCrystal_128x128_alpha_etc1.png": {"crc32": "224fe97b", "tag": "150cc85", "size": 273}, "res/animations/shaobing_2_45.ExportJson": {"crc32": "5528141d", "tag": "150cc85", "size": 9048}, "res/images/changeCityName_128x128_alpha_etc1.png": {"crc32": "ef2fdb54", "tag": "150cc85", "size": 169}, "res/audios/sfx_dragon3.mp3": {"crc32": "a65ea048", "tag": "150cc85", "size": 12705}, "res/audios/sfx_step_cavalry03.mp3": {"crc32": "09aa3696", "tag": "150cc85", "size": 2337}, "res/audios/sfx_city.mp3": {"crc32": "b1dc3fb5", "tag": "150cc85", "size": 547761}, "res/images/terrain_pvr0.png": {"crc32": "2adca143", "tag": "150cc85", "size": 232441}, "res/animations/caodi_nv.ExportJson": {"crc32": "88404fb9", "tag": "150cc85", "size": 5753}, "res/images/flawlessBlueCrystal_128x128.png": {"crc32": "07c61ab4", "tag": "150cc85", "size": 7377}, "res/images/world_map.png": {"crc32": "6bbbca8a", "tag": "150cc85", "size": 569}, "res/animations/world_animation0.png": {"crc32": "889c49e4", "tag": "150cc85", "size": 23917}, "res/animations/kulouyongshi_45.ExportJson": {"crc32": "599e4196", "tag": "150cc85", "size": 10935}, "res/images/b_horseArcher_3.png": {"crc32": "3fd69510", "tag": "0fb8b87", "size": 14917}, "res/images/world_terrain.png": {"crc32": "752ca54a", "tag": "150cc85", "size": 577493}, "res/images/infantryAtkBonus_2_128x128_alpha_etc1.png": {"crc32": "934df842", "tag": "150cc85", "size": 165}, "res/animations/yewaiyindi.ExportJson": {"crc32": "5228902c", "tag": "150cc85", "size": 3476}, "res/images/b_swordsman_2.png": {"crc32": "718e892f", "tag": "0fb8b87", "size": 10005}, "res/images/coinBonus_128x128.png": {"crc32": "cfd3b121", "tag": "150cc85", "size": 5977}, "res/particles/FireWall.plist": {"crc32": "7d7350ae", "tag": "150cc85", "size": 3825}, "res/images/speedup_3_128x128.png": {"crc32": "a7942633", "tag": "0fb8b87", "size": 6769}, "res/audios/sfx_technology.mp3": {"crc32": "16614661", "tag": "150cc85", "size": 21766}, "res/audios/sfx_buy_item.mp3": {"crc32": "c90383b1", "tag": "150cc85", "size": 6945}, "res/animations/dragon_breath_0.png": {"crc32": "79d31a77", "tag": "150cc85", "size": 677757}, "res/images/marchSpeedBonus_3_128x128.png": {"crc32": "7c3efa56", "tag": "0fb8b87", "size": 7169}, "res/audios/sfx_select_keep_enemy.mp3": {"crc32": "fbf78986", "tag": "150cc85", "size": 29409}, "res/images/buff_28x28.png": {"crc32": "772e254e", "tag": "150cc85", "size": 2877}, "res/images/stoneBonus_1_128x128.png": {"crc32": "3b104444", "tag": "150cc85", "size": 6229}, "res/animations/soldiers_animation_90_1_alpha_etc1.png": {"crc32": "8414b307", "tag": "150cc85", "size": 580065}, "res/images/ranger_2.png": {"crc32": "e7429966", "tag": "0fb8b87", "size": 13345}, "res/images/greenCrown_s1_128x128.png": {"crc32": "d5b16e2b", "tag": "0fb8b87", "size": 6217}, "res/images/arrow_down_mine.png": {"crc32": "d245f319", "tag": "150cc85", "size": 6333}, "res/images/tmp_alliance_graphic_88x88_12.png": {"crc32": "d602d310", "tag": "0fb8b87", "size": 2517}, "res/images/redOrd_s2_128x128.png": {"crc32": "63f792f2", "tag": "0fb8b87", "size": 6525}, "res/images/b_lancer_2.png": {"crc32": "8a42a0fd", "tag": "0fb8b87", "size": 13845}, "res/images/region_only0.plist": {"crc32": "fd182244", "tag": "150cc85", "size": 14139}, "res/images/citizenBonus_3_128x128.png": {"crc32": "0a27e32d", "tag": "150cc85", "size": 7461}, "res/images/negotiation_128x128.png": {"crc32": "c16af9ff", "tag": "150cc85", "size": 6093}, "res/animations/qibing_3_45.ExportJson": {"crc32": "b64baba4", "tag": "150cc85", "size": 8950}, "res/images/fogOfTrick_3_128x128_alpha_etc1.png": {"crc32": "125fb8ad", "tag": "150cc85", "size": 317}, "res/images/siegeEnhance_blue_128x128_alpha_etc1.png": {"crc32": "6cd64b46", "tag": "150cc85", "size": 929}, "res/audios/sfx_get.mp3": {"crc32": "f5084603", "tag": "150cc85", "size": 5048}, "res/images/hideoud_128x128_alpha_etc1.png": {"crc32": "97239000", "tag": "150cc85", "size": 933}, "res/images/citizenClass_2_128x128.png": {"crc32": "d758e7e0", "tag": "150cc85", "size": 7293}, "res/images/trap_128x128_alpha_etc1.png": {"crc32": "ef8d5831", "tag": "150cc85", "size": 929}, "res/images/unitHpBonus_1_128x128.png": {"crc32": "699a64ac", "tag": "0fb8b87", "size": 8777}, "res/images/cropResearch_128x128_alpha_etc1.png": {"crc32": "f4194783", "tag": "150cc85", "size": 925}, "res/animations/heihua_nuche_3_90.ExportJson": {"crc32": "87bd40ba", "tag": "150cc85", "size": 7100}, "res/images/ironClass_6_128x128.png": {"crc32": "759d1294", "tag": "0fb8b87", "size": 7341}, "res/images/sentinel_2.png": {"crc32": "e1ae784d", "tag": "0fb8b87", "size": 13405}, "res/images/tmp_alliance_graphic_88x88_18.png": {"crc32": "732659be", "tag": "0fb8b87", "size": 1993}, "res/audios/sfx_instant_heal.mp3": {"crc32": "b0c4dd62", "tag": "150cc85", "size": 8961}, "res/images/stoneBonus_3_128x128_alpha_etc1.png": {"crc32": "88035fb1", "tag": "150cc85", "size": 185}, "res/images/b_ballista_2.png": {"crc32": "976930ad", "tag": "0fb8b87", "size": 14045}, "res/images/upgrade_time_4.png": {"crc32": "000dd62c", "tag": "0fb8b87", "size": 8077}, "res/animations/toushiche_45.ExportJson": {"crc32": "bc805b45", "tag": "150cc85", "size": 5331}, "res/images/world_edge.png": {"crc32": "b4081338", "tag": "150cc85", "size": 21849}, "res/images/tmp_alliance_graphic_88x88_19.png": {"crc32": "8d0c11fd", "tag": "0fb8b87", "size": 1989}, "res/images/terrain_pvr1_alpha_etc1.png": {"crc32": "48565fe5", "tag": "150cc85", "size": 33905}, "res/animations/kulousheshou_90.ExportJson": {"crc32": "a8096681", "tag": "150cc85", "size": 12038}, "res/images/world_title2.jpg": {"crc32": "1e722ada", "tag": "150cc85", "size": 3161}, "res/animations/dragon_fly_0.png": {"crc32": "b94255cf", "tag": "150cc85", "size": 176949}, "res/audios/sfx_select_watchtower.mp3": {"crc32": "33dd348c", "tag": "150cc85", "size": 27969}, "res/images/foodBonus_128x128_alpha_etc1.png": {"crc32": "cb77856c", "tag": "150cc85", "size": 921}, "res/images/foodBonus_3_128x128_alpha_etc1.png": {"crc32": "ea20aecc", "tag": "150cc85", "size": 329}, "res/images/green_bg_128x128.png": {"crc32": "0f3705bd", "tag": "150cc85", "size": 3857}, "res/animations/youqibing_3_45.ExportJson": {"crc32": "611b8907", "tag": "150cc85", "size": 9098}, "res/images/background_608x678.png": {"crc32": "c03c038b", "tag": "150cc85", "size": 520481}, "res/images/battleHunger_128x128.png": {"crc32": "ed285a0d", "tag": "150cc85", "size": 6253}, "res/images/crane_128x128.png": {"crc32": "908062b4", "tag": "150cc85", "size": 4837}, "res/images/fogOfTrick_128x128.png": {"crc32": "eb2f20d0", "tag": "150cc85", "size": 5985}, "res/images/restoreWall_3_128x128.png": {"crc32": "cf41646e", "tag": "150cc85", "size": 7473}, "res/images/redSoul_4_128x128.png": {"crc32": "cb71f394", "tag": "0fb8b87", "size": 12229}, "res/animations/toushiche_90.ExportJson": {"crc32": "785662cf", "tag": "150cc85", "size": 8707}, "res/images/left_background_2_desert.jpg": {"crc32": "bb60adce", "tag": "150cc85", "size": 328189}, "res/images/terrain_pvr0.plist": {"crc32": "0c18817b", "tag": "150cc85", "size": 6887}, "res/animations/Box_guang.ExportJson": {"crc32": "651e1318", "tag": "150cc85", "size": 8699}, "res/animations/paizi.ExportJson": {"crc32": "85c03548", "tag": "150cc85", "size": 30872}, "res/images/purple_bg_128x128_alpha_etc1.png": {"crc32": "53ccedaa", "tag": "150cc85", "size": 93}, "res/images/soulStone_128x128.png": {"crc32": "fc0dc076", "tag": "150cc85", "size": 6869}, "res/animations/region_animation_0.plist": {"crc32": "ba6603ed", "tag": "150cc85", "size": 31171}, "res/images/fogOfTrick_128x128_alpha_etc1.png": {"crc32": "7036dc96", "tag": "150cc85", "size": 937}, "res/animations/soldiers_animation_45_0.plist": {"crc32": "faf187d3", "tag": "150cc85", "size": 299225}, "res/images/siegeAtkBonus_3_128x128_alpha_etc1.png": {"crc32": "798903da", "tag": "150cc85", "size": 217}, "res/images/tmp_retreat_defense_48x58.png": {"crc32": "b8b7536f", "tag": "0fb8b87", "size": 1097}, "res/audios/sfx_step_archer02.mp3": {"crc32": "9ae9d3b3", "tag": "150cc85", "size": 4641}, "res/images/ui_png1.png": {"crc32": "44ff3e3c", "tag": "150cc85", "size": 2052817}, "res/images/quarterMaster_3_128x128.png": {"crc32": "86ceea16", "tag": "0fb8b87", "size": 9497}, "res/images/perfectGreenCrystal_128x128.png": {"crc32": "641ebc13", "tag": "150cc85", "size": 7341}, "res/animations/shizhenting.ExportJson": {"crc32": "29c14632", "tag": "150cc85", "size": 1651}, "res/images/mission_header_bg_nan_616x184.jpg": {"crc32": "1bf07e3b", "tag": "150cc85", "size": 15685}, "res/images/magicBox_128x128_alpha_etc1.png": {"crc32": "7c552dc8", "tag": "150cc85", "size": 89}, "res/images/swordsman_2.png": {"crc32": "69e54130", "tag": "0fb8b87", "size": 11145}, "res/images/icon_world_28x38.png": {"crc32": "02f85032", "tag": "150cc85", "size": 3273}, "res/images/lancer_1.png": {"crc32": "e8d011c2", "tag": "0fb8b87", "size": 13581}, "res/animations/yiyuan.ExportJson": {"crc32": "159fcdc7", "tag": "150cc85", "size": 1612}, "res/images/cavalryEnhance_blue_128x128.png": {"crc32": "b50999db", "tag": "150cc85", "size": 5657}, "res/images/fte_select_dragon_grassLand.jpg": {"crc32": "fc7c67b8", "tag": "150cc85", "size": 74697}, "res/images/greenSting_s2_128x128.png": {"crc32": "af69a579", "tag": "0fb8b87", "size": 5893}, "res/animations/soldiers_animation_90_1.png": {"crc32": "e9297896", "tag": "150cc85", "size": 897301}, "res/images/transparent_1x1.png": {"crc32": "55f41e77", "tag": "150cc85", "size": 93}, "res/animations/qibing_1_90.ExportJson": {"crc32": "470f1292", "tag": "150cc85", "size": 10384}, "res/images/quarterMaster_128x128.png": {"crc32": "3600b1c3", "tag": "0fb8b87", "size": 8365}, "res/images/dragonExpBonus_3_128x128.png": {"crc32": "6aba5b6a", "tag": "0fb8b87", "size": 7257}, "res/animations/heihua_youqibing_2_45.ExportJson": {"crc32": "e59f2abc", "tag": "150cc85", "size": 3455}, "res/images/coinClass_3_128x128.png": {"crc32": "d855b2db", "tag": "0fb8b87", "size": 7185}, "res/images/vipActive_3_128x128.png": {"crc32": "7c4104ed", "tag": "0fb8b87", "size": 8569}, "res/images/greenOrd_s3_128x128.png": {"crc32": "c379ba13", "tag": "0fb8b87", "size": 7677}, "res/audios/ui_toolShop_craft_start.mp3": {"crc32": "1181af93", "tag": "150cc85", "size": 18177}, "res/images/light.png": {"crc32": "ad3d7955", "tag": "150cc85", "size": 13561}, "res/images/archerAtkBonus_2_128x128_alpha_etc1.png": {"crc32": "4f65308c", "tag": "150cc85", "size": 185}, "res/images/quarterMaster_1_128x128.png": {"crc32": "a47f73c7", "tag": "0fb8b87", "size": 9577}, "res/tmxmaps/alliance_desert1.tmx": {"crc32": "a547ace1", "tag": "150cc85", "size": 489}, "res/images/citizenBonus_128x128_alpha_etc1.png": {"crc32": "3df49140", "tag": "150cc85", "size": 917}, "res/images/player_icon_10.png": {"crc32": "b7e81228", "tag": "0fb8b87", "size": 7733}, "res/images/coinClass_1_128x128.png": {"crc32": "0b2b7dbb", "tag": "0fb8b87", "size": 5461}, "res/images/tech_archer_128x128.png": {"crc32": "676f2474", "tag": "150cc85", "size": 5553}, "res/images/stoneClass_4_128x128.png": {"crc32": "646c5eb7", "tag": "0fb8b87", "size": 6513}, "res/images/upgrade_time_6.png": {"crc32": "789561b5", "tag": "0fb8b87", "size": 8489}, "res/animations/youqibing_1_45.ExportJson": {"crc32": "572afe4e", "tag": "150cc85", "size": 9098}, "res/images/world_alliance_iceField.png": {"crc32": "63f50dec", "tag": "150cc85", "size": 37805}, "res/images/arrow_up_enemy.png": {"crc32": "ea40038d", "tag": "150cc85", "size": 6737}, "res/animations/chuansongmen.ExportJson": {"crc32": "0526f311", "tag": "150cc85", "size": 9224}, "res/images/tmp_soldier_shadow.png": {"crc32": "dad361e8", "tag": "150cc85", "size": 813}, "res/images/loading_circle_blue.png": {"crc32": "b908a97a", "tag": "150cc85", "size": 3701}, "res/images/blueChest_s2_128x128.png": {"crc32": "ad412d89", "tag": "0fb8b87", "size": 5537}, "res/animations/ui_animation_0.png": {"crc32": "16a850e7", "tag": "150cc85", "size": 592945}, "res/images/tmp_alliance_graphic_88x88_4.png": {"crc32": "03f1b5af", "tag": "0fb8b87", "size": 1961}, "res/images/sweep_128x128.png": {"crc32": "82a24544", "tag": "150cc85", "size": 4861}, "res/images/frenzied_128x128_alpha_etc1.png": {"crc32": "9bd63ba2", "tag": "150cc85", "size": 945}, "res/shaders/nolimittex.fs": {"crc32": "69e02a3e", "tag": "150cc85", "size": 304}, "res/images/greenOrd_s4_128x128.png": {"crc32": "ac60a27f", "tag": "0fb8b87", "size": 9109}, "res/animations/soldiers_animation_90_0.plist": {"crc32": "9f05e488", "tag": "150cc85", "size": 80176}, "res/images/infantryEnhance_blue_128x128.png": {"crc32": "cdd07977", "tag": "150cc85", "size": 4325}, "res/audios/sfx_step_archer03.mp3": {"crc32": "8cddb3c2", "tag": "150cc85", "size": 3489}, "res/images/infantryAtkBonus_3_128x128.png": {"crc32": "f7d8c858", "tag": "150cc85", "size": 7741}, "res/audios/sfx_select_warehouse.mp3": {"crc32": "672d4e28", "tag": "150cc85", "size": 15009}, "res/images/b_crossbowman_3.png": {"crc32": "ec48f8dd", "tag": "0fb8b87", "size": 13649}, "res/animations/nuche_1_90.ExportJson": {"crc32": "25bf3460", "tag": "150cc85", "size": 7092}, "res/images/infantryEnhance_red_128x128.png": {"crc32": "132867c9", "tag": "150cc85", "size": 4133}, "res/images/dragonHpBonus_3_128x128.png": {"crc32": "5bc66cae", "tag": "0fb8b87", "size": 11277}, "res/animations/shadi_nan.ExportJson": {"crc32": "17df5a9a", "tag": "150cc85", "size": 5674}, "res/animations/longpengquan.ExportJson": {"crc32": "2e6700ab", "tag": "150cc85", "size": 3187}, "res/images/gemClass_1_128x128.png": {"crc32": "c8372f44", "tag": "0fb8b87", "size": 8825}, "res/audios/sfx_step_infantry01.mp3": {"crc32": "80acdc56", "tag": "150cc85", "size": 4257}, "res/images/tech_hp_128x128_alpha_etc1.png": {"crc32": "676c5d32", "tag": "150cc85", "size": 905}, "res/images/player_icon_1.png": {"crc32": "e0999a61", "tag": "0fb8b87", "size": 9637}, "res/images/greenChest_s2_128x128.png": {"crc32": "f9908538", "tag": "0fb8b87", "size": 5633}, "res/images/siegeAtkBonus_2_128x128.png": {"crc32": "3986b6cc", "tag": "150cc85", "size": 7657}, "res/animations/heihua_toushiche_2_90.ExportJson": {"crc32": "eef03e94", "tag": "150cc85", "size": 9597}, "res/images/region_ui_only0.png": {"crc32": "d39f39a3", "tag": "150cc85", "size": 156013}, "res/audios/sfx_select_wall.mp3": {"crc32": "59c28a09", "tag": "150cc85", "size": 36033}, "res/audios/sfx_pve_move3.mp3": {"crc32": "85ec979b", "tag": "150cc85", "size": 3489}, "res/images/greenArmguard_s1_128x128.png": {"crc32": "d22c533c", "tag": "0fb8b87", "size": 6941}, "res/images/b_lancer_3.png": {"crc32": "3586d2ba", "tag": "0fb8b87", "size": 15117}, "res/images/lancer_3.png": {"crc32": "7c08370d", "tag": "0fb8b87", "size": 14717}, "res/animations/siwangqishi_90.ExportJson": {"crc32": "545faf66", "tag": "150cc85", "size": 10875}, "res/images/foodClass_5_128x128.png": {"crc32": "94069545", "tag": "0fb8b87", "size": 8913}, "res/images/upgrade_time_7.png": {"crc32": "df5fa610", "tag": "0fb8b87", "size": 9797}, "res/images/ui_pvr2.png": {"crc32": "eedec42a", "tag": "150cc85", "size": 2486345}, "res/images/plus_right_grassLand.png": {"crc32": "0815d3d3", "tag": "150cc85", "size": 382709}, "res/images/blueSting_s3_128x128.png": {"crc32": "3da2094c", "tag": "0fb8b87", "size": 7749}, "res/animations/heihua_qibing_3_45.ExportJson": {"crc32": "9c050a25", "tag": "150cc85", "size": 3389}, "res/images/woodBonus_1_128x128.png": {"crc32": "30ec0940", "tag": "150cc85", "size": 6365}, "res/animations/mu_box.ExportJson": {"crc32": "3593272e", "tag": "150cc85", "size": 2567}, "res/images/fogOfTrick_2_128x128_alpha_etc1.png": {"crc32": "9cafd7bd", "tag": "150cc85", "size": 317}, "res/images/redChest_s2_128x128.png": {"crc32": "c94764cc", "tag": "0fb8b87", "size": 5461}, "res/images/foodBonus_1_128x128_alpha_etc1.png": {"crc32": "3b8d4ad4", "tag": "150cc85", "size": 261}, "res/animations/chengqiang_1.ExportJson": {"crc32": "61f70b4f", "tag": "150cc85", "size": 19191}, "res/images/region_ui_only0_alpha_etc1.png": {"crc32": "08cc1b07", "tag": "150cc85", "size": 40393}, "res/images/loading_bg_blue.png": {"crc32": "3256acbf", "tag": "0fb8b87", "size": 1785}, "res/images/flawlessGreenCrystal_128x128_alpha_etc1.png": {"crc32": "224fe97b", "tag": "150cc85", "size": 273}, "res/images/right_background_2_desert.jpg": {"crc32": "ce850633", "tag": "150cc85", "size": 298089}, "res/images/woodBonus_1_128x128_alpha_etc1.png": {"crc32": "767820e0", "tag": "150cc85", "size": 185}, "res/images/ironClass_2_128x128.png": {"crc32": "2e135efe", "tag": "0fb8b87", "size": 4605}, "res/images/player_icon_9.png": {"crc32": "3fc3c528", "tag": "0fb8b87", "size": 10637}, "res/images/marchSpeedBonus_1_128x128.png": {"crc32": "1b36b125", "tag": "0fb8b87", "size": 6949}, "res/audios/sfx_swordsman_attack.mp3": {"crc32": "fab10575", "tag": "150cc85", "size": 16545}, "res/images/splash_beta_bg_3987x1136_01.jpg": {"crc32": "da9dc2f8", "tag": "150cc85", "size": 437925}, "res/shaders/bannerpve.fs": {"crc32": "f95a484a", "tag": "150cc85", "size": 227}, "res/images/coordinate_128x128.png": {"crc32": "0a549efd", "tag": "0fb8b87", "size": 7209}, "res/images/foodClass_7_128x128.png": {"crc32": "720e8c05", "tag": "0fb8b87", "size": 10789}, "res/images/dragonExp_1_128x128.png": {"crc32": "9ffdd3d5", "tag": "0fb8b87", "size": 4789}, "res/images/coinClass_7_128x128.png": {"crc32": "a8002fc8", "tag": "0fb8b87", "size": 9737}, "res/images/ui_pvr1.plist": {"crc32": "47a67ef2", "tag": "150cc85", "size": 49309}, "res/animations/heihua_nuche_3_45.ExportJson": {"crc32": "8a561d35", "tag": "150cc85", "size": 939}, "res/images/unitHpBonus_2_128x128.png": {"crc32": "4ccaf067", "tag": "0fb8b87", "size": 8337}, "res/tmxmaps/city_road2.tmx": {"crc32": "eba03c34", "tag": "150cc85", "size": 466}, "res/images/woodClass_6_128x128.png": {"crc32": "e2756adc", "tag": "0fb8b87", "size": 8593}, "res/images/citizenClass_1_128x128.png": {"crc32": "0365f1fd", "tag": "150cc85", "size": 7101}, "res/animations/caodi_nan.ExportJson": {"crc32": "d0d4a460", "tag": "150cc85", "size": 5691}, "res/audios/music_begin.mp3": {"crc32": "e82a8666", "tag": "150cc85", "size": 595799}, "res/images/woodClass_4_128x128.png": {"crc32": "47ea0fb3", "tag": "0fb8b87", "size": 8645}, "res/images/protect_2.png": {"crc32": "764d1450", "tag": "150cc85", "size": 46405}, "res/images/sand.png": {"crc32": "00bb09bf", "tag": "150cc85", "size": 23021}, "res/audios/sfx_select_stonemason.mp3": {"crc32": "5003c508", "tag": "150cc85", "size": 27969}, "res/images/stoneBonus_3_128x128.png": {"crc32": "c539a6b1", "tag": "150cc85", "size": 6517}, "res/audios/sfx_select_armyCamp.mp3": {"crc32": "0656e010", "tag": "150cc85", "size": 18177}, "res/images/fogOfTrick_3_128x128.png": {"crc32": "85214f9b", "tag": "150cc85", "size": 6645}, "res/images/woodClass_1_128x128.png": {"crc32": "157a78e4", "tag": "0fb8b87", "size": 7441}, "res/images/world_middle.png": {"crc32": "1b311d89", "tag": "150cc85", "size": 862197}, "res/images/ballista_2.png": {"crc32": "6a5d1a06", "tag": "0fb8b87", "size": 14169}, "res/images/stamina_1_128x128.png": {"crc32": "031cfa61", "tag": "0fb8b87", "size": 4405}, "res/animations/yin_box.ExportJson": {"crc32": "b32ddfa7", "tag": "150cc85", "size": 2571}, "res/animations/green_long_breath.ExportJson": {"crc32": "2de42345", "tag": "150cc85", "size": 3927}, "res/images/b_horseArcher_2.png": {"crc32": "1f7c1b26", "tag": "0fb8b87", "size": 13197}, "res/audios/sfx_pve_move2.mp3": {"crc32": "1deb892b", "tag": "150cc85", "size": 6657}, "res/images/flawedBlueCrystal_128x128_alpha_etc1.png": {"crc32": "ef2fdb54", "tag": "150cc85", "size": 169}, "res/images/crane_128x128_alpha_etc1.png": {"crc32": "43ddf7f4", "tag": "150cc85", "size": 929}, "res/audios/sfx_select_foundry.mp3": {"crc32": "1a85fefc", "tag": "150cc85", "size": 20481}, "res/images/splash_beta_bg_3987x1136_02.jpg": {"crc32": "5962f573", "tag": "150cc85", "size": 394969}, "res/animations/youqibing_2_45.ExportJson": {"crc32": "4400472b", "tag": "150cc85", "size": 9100}, "res/images/b_catapult_2.png": {"crc32": "823123cb", "tag": "0fb8b87", "size": 12373}, "res/images/greenCrown_s3_128x128.png": {"crc32": "0c8427b1", "tag": "0fb8b87", "size": 9877}, "res/images/tmp_alliance_graphic_88x88_7.png": {"crc32": "589ba2f3", "tag": "0fb8b87", "size": 1977}, "res/animations/heilong_breath.ExportJson": {"crc32": "9040eaa7", "tag": "150cc85", "size": 3707}, "res/images/plus_right_desert.png": {"crc32": "19e4291b", "tag": "150cc85", "size": 301377}, "res/audios/sfx_pve_star3.mp3": {"crc32": "b6704470", "tag": "150cc85", "size": 7765}, "res/animations/blue_long_breath.ExportJson": {"crc32": "4eefd041", "tag": "150cc85", "size": 3905}, "res/animations/jiaorouche_90.ExportJson": {"crc32": "c6644611", "tag": "150cc85", "size": 7229}, "res/images/restoreWall_1_128x128.png": {"crc32": "698394d3", "tag": "150cc85", "size": 7273}, "res/audios/sfx_catapult_attack.mp3": {"crc32": "14b47b97", "tag": "150cc85", "size": 13857}, "res/images/foodClass_6_128x128.png": {"crc32": "9d7d0bd4", "tag": "0fb8b87", "size": 9385}, "res/images/dragonExp_2_128x128.png": {"crc32": "076c173a", "tag": "0fb8b87", "size": 6537}, "res/audios/sfx_select_resourceBuilding.mp3": {"crc32": "2b9ff52b", "tag": "150cc85", "size": 13569}, "res/shaders/blue_light.fs": {"crc32": "724feddf", "tag": "150cc85", "size": 221}, "res/images/buildings0.plist": {"crc32": "05bc7d1b", "tag": "150cc85", "size": 45539}, "res/audios/sfx_hooray.mp3": {"crc32": "50be95b9", "tag": "150cc85", "size": 29985}, "res/images/loading_icon_blue.png": {"crc32": "e122c1d3", "tag": "0fb8b87", "size": 12361}, "res/images/upgrade_time_8.png": {"crc32": "f17b88b9", "tag": "0fb8b87", "size": 13965}, "res/images/blueCrown_s3_128x128.png": {"crc32": "a1dfa200", "tag": "0fb8b87", "size": 9557}, "res/animations/lanse.ExportJson": {"crc32": "4a38f714", "tag": "150cc85", "size": 2583}, "res/audios/sfx_select_keep.mp3": {"crc32": "cbd14e5b", "tag": "150cc85", "size": 26529}, "res/images/coinBonus_3_128x128.png": {"crc32": "9411c8ae", "tag": "150cc85", "size": 6821}, "res/animations/nuche_3_90.ExportJson": {"crc32": "6631ae7f", "tag": "150cc85", "size": 6906}, "res/images/region_ui_only0.plist": {"crc32": "21e89a99", "tag": "150cc85", "size": 28272}, "res/animations/building_animation0.png": {"crc32": "02bf93d6", "tag": "150cc85", "size": 276861}, "res/animations/airship0.png": {"crc32": "74813b65", "tag": "150cc85", "size": 19589}, "res/animations/dragon_fly_0_alpha_etc1.png": {"crc32": "8254831d", "tag": "150cc85", "size": 81557}, "res/animations/blue_long_fly.ExportJson": {"crc32": "7072abfa", "tag": "150cc85", "size": 7466}, "res/images/level0.png": {"crc32": "f029d7a8", "tag": "150cc85", "size": 8109}, "res/animations/heihua_youqibing_3_45.ExportJson": {"crc32": "0308b7c5", "tag": "150cc85", "size": 3456}, "res/images/magicBox_128x128.png": {"crc32": "e6900fe4", "tag": "150cc85", "size": 6389}, "res/images/loading_bg_green.png": {"crc32": "2fe5ee87", "tag": "0fb8b87", "size": 1505}, "res/images/siegeAtkBonus_2_128x128_alpha_etc1.png": {"crc32": "1884fcf0", "tag": "150cc85", "size": 149}, "res/images/warSpeedup_2_128x128.png": {"crc32": "3575d2a3", "tag": "0fb8b87", "size": 12113}, "res/images/archerAtkBonus_1_128x128.png": {"crc32": "5a7aca8e", "tag": "150cc85", "size": 7413}, "res/images/redArmguard_s2_128x128.png": {"crc32": "e8bc5537", "tag": "0fb8b87", "size": 8741}, "res/audios/sfx_battle_defeated.mp3": {"crc32": "c671af88", "tag": "150cc85", "size": 39201}, "res/animations/liaowangta.ExportJson": {"crc32": "4126e80e", "tag": "150cc85", "size": 3181}, "res/images/ironClass_3_128x128.png": {"crc32": "f0b0ff27", "tag": "0fb8b87", "size": 5481}, "res/images/vipPoint_3_128x128.png": {"crc32": "d525fe0a", "tag": "0fb8b87", "size": 7529}, "res/animations/npc_nv.ExportJson": {"crc32": "8040e4f1", "tag": "150cc85", "size": 4429}, "res/images/world_bg.jpg": {"crc32": "b9ec3a9a", "tag": "150cc85", "size": 20645}, "res/images/world_title1.png": {"crc32": "dfeda760", "tag": "150cc85", "size": 113805}, "res/audios/sfx_battle_start.mp3": {"crc32": "9ffc2bb4", "tag": "150cc85", "size": 58497}, "res/images/tmp_casinoToken_icon_66x53.png": {"crc32": "f2d04d60", "tag": "0fb8b87", "size": 3209}, "res/images/ui_pvr0.plist": {"crc32": "18727901", "tag": "150cc85", "size": 24962}, "res/images/cavalryAtkBonus_3_128x128_alpha_etc1.png": {"crc32": "ff33b395", "tag": "150cc85", "size": 189}, "res/images/protect_1.png": {"crc32": "35171c06", "tag": "150cc85", "size": 51193}, "res/shaders/ps_discoloration.fs": {"crc32": "39100db5", "tag": "150cc85", "size": 554}, "res/images/cavalryAtkBonus_128x128.png": {"crc32": "3234009b", "tag": "150cc85", "size": 5257}, "res/audios/sfx_select_barracks.mp3": {"crc32": "1794d1f0", "tag": "150cc85", "size": 20769}, "res/images/reinforcing_128x128.png": {"crc32": "0d295247", "tag": "150cc85", "size": 5373}, "res/images/dragon_bg_68x68.png": {"crc32": "a5f07dae", "tag": "150cc85", "size": 5409}, "res/animations/maoyihanghui.ExportJson": {"crc32": "9d17e205", "tag": "150cc85", "size": 4130}, "res/images/ironSmelting_128x128.png": {"crc32": "fcb149de", "tag": "150cc85", "size": 6449}, "res/animations/green_long_fly.ExportJson": {"crc32": "73c110a1", "tag": "150cc85", "size": 7508}, "res/images/dragonHpBonus_2_128x128.png": {"crc32": "d68d53ec", "tag": "0fb8b87", "size": 10685}, "res/shaders/flash.fs": {"crc32": "43a70112", "tag": "150cc85", "size": 425}, "res/animations/fight0.plist": {"crc32": "6312491b", "tag": "150cc85", "size": 22146}, "res/images/changeCityName_128x128.png": {"crc32": "5a617e67", "tag": "150cc85", "size": 6049}, "res/images/batcat_logo_368x507.png": {"crc32": "2b2d0479", "tag": "150cc85", "size": 11825}, "res/images/city_only0.png": {"crc32": "dc6e85a9", "tag": "150cc85", "size": 2962637}, "res/images/deathHand_128x128_alpha_etc1.png": {"crc32": "7c552dc8", "tag": "150cc85", "size": 89}, "res/shaders/maptex.fs": {"crc32": "a644ff3f", "tag": "150cc85", "size": 808}, "res/images/dragonBlood_128x128.png": {"crc32": "38960b56", "tag": "150cc85", "size": 5841}, "res/images/fog1.png": {"crc32": "cca3aa5d", "tag": "150cc85", "size": 58345}, "res/images/tech_infantry_128x128.png": {"crc32": "2a4bfb43", "tag": "150cc85", "size": 5973}, "res/animations/soldiers_animation_45_0_alpha_etc1.png": {"crc32": "be782c9b", "tag": "150cc85", "size": 648441}, "res/images/tools_128x128_alpha_etc1.png": {"crc32": "ef2fdb54", "tag": "150cc85", "size": 169}, "res/audios/sfx_select_dragon2.mp3": {"crc32": "2c13289f", "tag": "150cc85", "size": 19041}, "res/images/redChest_s4_128x128.png": {"crc32": "2085a5ea", "tag": "0fb8b87", "size": 7857}, "res/audios/sfx_skeletonArcher_attack.mp3": {"crc32": "6c813042", "tag": "150cc85", "size": 9825}, "res/shaders/plane.fs": {"crc32": "10e7f53e", "tag": "150cc85", "size": 289}, "res/images/redSoul_3_128x128.png": {"crc32": "b7d55423", "tag": "0fb8b87", "size": 10629}, "res/images/swordsman_3.png": {"crc32": "ab191094", "tag": "0fb8b87", "size": 11401}, "res/images/woodClass_7_128x128.png": {"crc32": "17e17db2", "tag": "0fb8b87", "size": 10577}, "res/images/ironBonus_128x128_alpha_etc1.png": {"crc32": "41c1b4d1", "tag": "150cc85", "size": 913}, "res/animations/heihua_animation_45_0_alpha_etc1.png": {"crc32": "2e43663d", "tag": "150cc85", "size": 139945}, "res/images/ironBonus_1_128x128_alpha_etc1.png": {"crc32": "4d598f63", "tag": "150cc85", "size": 233}, "res/images/blueCrystal_128x128.png": {"crc32": "d90e8ccc", "tag": "150cc85", "size": 7205}, "res/images/citizenBonus_1_128x128_alpha_etc1.png": {"crc32": "7dc9974a", "tag": "150cc85", "size": 173}, "res/shaders/warning.fs": {"crc32": "a482cb97", "tag": "150cc85", "size": 1251}, "res/images/stoneClass_1_128x128.png": {"crc32": "3aa9d373", "tag": "0fb8b87", "size": 4281}, "res/Droid Sans Fallback.ttf": {"crc32": "351a6253", "tag": "150cc85", "size": 3689648}, "res/images/tmp_alliance_graphic_88x88_11.png": {"crc32": "133b5a2f", "tag": "0fb8b87", "size": 1865}, "res/animations/ziyuancangku.ExportJson": {"crc32": "2d4bff37", "tag": "150cc85", "size": 4200}, "res/images/siegeEnhance_green_128x128.png": {"crc32": "a1869ccc", "tag": "150cc85", "size": 5177}, "res/images/blueCrown_s1_128x128.png": {"crc32": "25b0e201", "tag": "0fb8b87", "size": 5665}, "res/animations/airship0_alpha_etc1.png": {"crc32": "739dd4cf", "tag": "150cc85", "size": 18641}, "res/animations/heihua_animation_90_0.png": {"crc32": "97ca5240", "tag": "150cc85", "size": 751049}, "res/animations/region_animation_0_alpha_etc1.png": {"crc32": "d59d0fee", "tag": "150cc85", "size": 90157}, "res/images/loading_icon_green.png": {"crc32": "90b4e45c", "tag": "0fb8b87", "size": 8909}, "res/animations/jiaorouche_45.ExportJson": {"crc32": "a34545a3", "tag": "150cc85", "size": 5530}, "res/images/region_only0_alpha_etc1.png": {"crc32": "c41a09be", "tag": "150cc85", "size": 450441}, "res/animations/heihua_bubing_2_90.ExportJson": {"crc32": "894efab3", "tag": "150cc85", "size": 10743}, "res/images/archerAtkBonus_128x128.png": {"crc32": "34e815f5", "tag": "150cc85", "size": 5453}, "res/images/speedup_6_128x128.png": {"crc32": "cfa1c706", "tag": "0fb8b87", "size": 7265}, "res/images/fastFix_128x128.png": {"crc32": "ad4250fb", "tag": "150cc85", "size": 5765}, "res/images/tmp_alliance_graphic_88x88_22.png": {"crc32": "39c2a18c", "tag": "0fb8b87", "size": 1873}, "res/images/blueSoul_4_128x128.png": {"crc32": "7474f91b", "tag": "0fb8b87", "size": 12193}, "res/images/greenSoul_3_128x128.png": {"crc32": "b981b523", "tag": "0fb8b87", "size": 10505}, "res/animations/xuedi_nan.ExportJson": {"crc32": "97af18b1", "tag": "150cc85", "size": 5688}, "res/audios/sfx_battle_victory.mp3": {"crc32": "4069d431", "tag": "150cc85", "size": 33729}, "res/images/region_only0.png": {"crc32": "0e580c86", "tag": "150cc85", "size": 1143065}, "res/images/blueCrown_s4_128x128.png": {"crc32": "d93f5276", "tag": "0fb8b87", "size": 11737}, "res/audios/sfx_icefield.mp3": {"crc32": "bc7f5a99", "tag": "150cc85", "size": 294774}, "res/images/perfectGreenCrystal_128x128_alpha_etc1.png": {"crc32": "917cdda7", "tag": "150cc85", "size": 269}, "res/audios/sfx_use_item.mp3": {"crc32": "849ea3a1", "tag": "150cc85", "size": 12129}, "res/tmxmaps/alliance_grassLand1.tmx": {"crc32": "2d20bfda", "tag": "150cc85", "size": 489}, "res/animations/red_long_fly.ExportJson": {"crc32": "60a50fa4", "tag": "150cc85", "size": 7424}, "res/images/splash_beta_bg_3987x1136.jpg": {"crc32": "a52585c8", "tag": "150cc85", "size": 793461}, "res/animations/nuche_3_45.ExportJson": {"crc32": "15ec6c9f", "tag": "150cc85", "size": 5224}, "res/animations/soldiers_animation_90_2.plist": {"crc32": "edd39a7a", "tag": "150cc85", "size": 197416}, "res/images/flawlessGreenCrystal_128x128.png": {"crc32": "19cb98ec", "tag": "150cc85", "size": 7417}, "res/images/siegeAtkBonus_128x128_alpha_etc1.png": {"crc32": "0c59080f", "tag": "150cc85", "size": 957}, "res/images/b_crossbowman_2.png": {"crc32": "fab01c30", "tag": "0fb8b87", "size": 12501}, "res/animations/bubing_3_90.ExportJson": {"crc32": "de0725b9", "tag": "150cc85", "size": 10534}, "res/images/stoneBonus_128x128.png": {"crc32": "e5095708", "tag": "150cc85", "size": 5933}, "res/images/click_empty.png": {"crc32": "8465b84b", "tag": "150cc85", "size": 409}, "res/images/z.png": {"crc32": "3ba8817b", "tag": "150cc85", "size": 533}, "res/animations/nuche_2_45.ExportJson": {"crc32": "c3111486", "tag": "150cc85", "size": 5225}, "res/images/empireRise.png": {"crc32": "84ef1c09", "tag": "0fb8b87", "size": 7377}, "res/images/vipActive_1_128x128.png": {"crc32": "2cfb7afc", "tag": "0fb8b87", "size": 8585}, "res/images/+_red.png": {"crc32": "ebf0d54d", "tag": "150cc85", "size": 117}, "res/images/redSting_s4_128x128.png": {"crc32": "f94173e4", "tag": "0fb8b87", "size": 10425}, "res/images/blueprints_128x128.png": {"crc32": "6d6a11f6", "tag": "150cc85", "size": 4649}, "res/animations/bingyin_1.ExportJson": {"crc32": "31e28d94", "tag": "150cc85", "size": 3929}, "res/images/b_sentinel_3.png": {"crc32": "7bf52e5f", "tag": "0fb8b87", "size": 12637}, "res/images/cavalryEnhance_blue_128x128_alpha_etc1.png": {"crc32": "66a24295", "tag": "150cc85", "size": 929}, "res/images/cavalryEnhance_green_128x128.png": {"crc32": "a5843174", "tag": "150cc85", "size": 5525}, "res/images/woodBonus_128x128.png": {"crc32": "3b61b4d1", "tag": "150cc85", "size": 5557}, "res/images/b_ranger_2.png": {"crc32": "3a89e1f4", "tag": "0fb8b87", "size": 12193}, "res/images/cropResearch_128x128.png": {"crc32": "a6d7e04d", "tag": "150cc85", "size": 6213}, "res/images/left_background_2_iceField.jpg": {"crc32": "de3efbd9", "tag": "150cc85", "size": 295769}, "res/images/woodBonus_2_128x128.png": {"crc32": "84189344", "tag": "150cc85", "size": 6381}, "res/images/city_only0.plist": {"crc32": "63482106", "tag": "150cc85", "size": 26271}, "res/animations/zise_box.ExportJson": {"crc32": "de650d4c", "tag": "150cc85", "size": 2584}, "res/audios/sfx_select_dragon3.mp3": {"crc32": "09ed8019", "tag": "150cc85", "size": 18753}, "res/images/background_gacha_2.jpg": {"crc32": "52d8aeaa", "tag": "150cc85", "size": 75449}, "res/animations/soldiers_animation_90_2_alpha_etc1.png": {"crc32": "10d45307", "tag": "150cc85", "size": 527925}, "res/animations/qibing_1_45.ExportJson": {"crc32": "3f65c081", "tag": "150cc85", "size": 8950}, "res/images/lancer_2.png": {"crc32": "e6feb246", "tag": "0fb8b87", "size": 14245}, "res/images/negotiation_128x128_alpha_etc1.png": {"crc32": "b780b7c5", "tag": "150cc85", "size": 925}, "res/images/speedup_5_128x128.png": {"crc32": "234ff39a", "tag": "0fb8b87", "size": 7741}, "res/images/citizenBonus_1_128x128.png": {"crc32": "e2128b35", "tag": "150cc85", "size": 7285}, "res/images/ironClass_5_128x128.png": {"crc32": "eeb13e86", "tag": "0fb8b87", "size": 6817}, "res/audios/sfx_step_infantry03.mp3": {"crc32": "69a3409a", "tag": "150cc85", "size": 4257}, "res/audios/sfx_select_workshop.mp3": {"crc32": "7619baca", "tag": "150cc85", "size": 32289}, "res/images/sketching_128x128_alpha_etc1.png": {"crc32": "71f38a99", "tag": "150cc85", "size": 1089}, "res/images/bowTarget_128x128_alpha_etc1.png": {"crc32": "5b6bc843", "tag": "150cc85", "size": 217}, "res/audios/sfx_skeletonWarrior_attack.mp3": {"crc32": "9c033c59", "tag": "150cc85", "size": 6945}, "res/animations/ui_animation_0.plist": {"crc32": "9ddb910f", "tag": "150cc85", "size": 22884}, "res/images/seniorTower_128x128.png": {"crc32": "204eef77", "tag": "150cc85", "size": 4633}, "res/images/dragonbreath_128x128_alpha_etc1.png": {"crc32": "c6461dab", "tag": "150cc85", "size": 977}, "res/images/vipActive_5_128x128.png": {"crc32": "e569b1c1", "tag": "0fb8b87", "size": 9157}, "res/images/blueSting_s4_128x128.png": {"crc32": "54f04a5d", "tag": "0fb8b87", "size": 10369}, "res/audios/sfx_tap_homePage.mp3": {"crc32": "e162f86c", "tag": "150cc85", "size": 4257}, "res/animations/gongjianshou_3_90.ExportJson": {"crc32": "a720c924", "tag": "150cc85", "size": 12149}, "res/animations/soldiers_animation_90_2.png": {"crc32": "c1c58851", "tag": "150cc85", "size": 637929}, "res/images/blueArmguard_s3_128x128.png": {"crc32": "f3a32c6d", "tag": "0fb8b87", "size": 9613}, "res/images/speedup_2_128x128.png": {"crc32": "f837b57a", "tag": "0fb8b87", "size": 6393}, "res/images/reinforcing_128x128_alpha_etc1.png": {"crc32": "88ad36eb", "tag": "150cc85", "size": 1001}, "res/images/background_550x170.jpg": {"crc32": "b6f32d86", "tag": "150cc85", "size": 31673}, "res/animations/heihua_shaobing_3_45.ExportJson": {"crc32": "8283c202", "tag": "150cc85", "size": 3422}, "res/images/foodBonus_128x128.png": {"crc32": "948597ed", "tag": "150cc85", "size": 6701}, "res/animations/toushiche_3_90.ExportJson": {"crc32": "7752a3c7", "tag": "150cc85", "size": 8700}, "res/images/dragonHp_2_128x128.png": {"crc32": "36f76e80", "tag": "0fb8b87", "size": 6281}, "res/animations/world_animation0_alpha_etc1.png": {"crc32": "1b3ee519", "tag": "150cc85", "size": 20185}, "res/i18n/zh_TW.mo": {"crc32": "b95be452", "tag": "150cc85", "size": 214641}, "res/images/infantryEnhance_green_128x128_alpha_etc1.png": {"crc32": "ef8d5831", "tag": "150cc85", "size": 929}, "res/images/greenCrown_s2_128x128.png": {"crc32": "c1dacabe", "tag": "0fb8b87", "size": 7841}, "res/images/ironClass_7_128x128.png": {"crc32": "0544e91b", "tag": "0fb8b87", "size": 8865}, "res/images/skeletonArcher.png": {"crc32": "f5363939", "tag": "0fb8b87", "size": 11385}, "res/images/player_icon_7.png": {"crc32": "5a90cfce", "tag": "0fb8b87", "size": 7761}, "res/animations/heihua_animation_90_1_alpha_etc1.png": {"crc32": "208d7967", "tag": "150cc85", "size": 446945}, "res/images/stoneClass_7_128x128.png": {"crc32": "9680154b", "tag": "0fb8b87", "size": 10117}, "res/animations/qibing_3_90.ExportJson": {"crc32": "02a43e7d", "tag": "150cc85", "size": 10705}, "res/audios/sfx_lancer_attack.mp3": {"crc32": "5f156c79", "tag": "150cc85", "size": 11841}, "res/images/honour_128x128.png": {"crc32": "2f4cd643", "tag": "0fb8b87", "size": 5321}, "res/images/player_icon_8.png": {"crc32": "50f93344", "tag": "0fb8b87", "size": 7997}, "res/animations/qibing_2_45.ExportJson": {"crc32": "abcc2419", "tag": "150cc85", "size": 8965}, "res/images/infantryAtkBonus_3_128x128_alpha_etc1.png": {"crc32": "b064f198", "tag": "150cc85", "size": 241}, "res/animations/heihua_bubing_2_45.ExportJson": {"crc32": "0081aecf", "tag": "150cc85", "size": 3402}, "res/images/dragonExpBonus_2_128x128.png": {"crc32": "d7fd32d3", "tag": "0fb8b87", "size": 7565}, "res/images/coinBonus_2_128x128.png": {"crc32": "77ae3e3f", "tag": "150cc85", "size": 6741}, "res/images/blueChest_s3_128x128.png": {"crc32": "fb499133", "tag": "0fb8b87", "size": 7261}, "res/audios/sfx_sentinel_attack.mp3": {"crc32": "67d2793a", "tag": "150cc85", "size": 8385}, "res/images/start_game_292x28.png": {"crc32": "d925d04b", "tag": "150cc85", "size": 8821}, "res/images/ui_png1.plist": {"crc32": "8276a13c", "tag": "150cc85", "size": 135476}, "res/images/tmp_alliance_graphic_88x88_2.png": {"crc32": "39cba568", "tag": "0fb8b87", "size": 1749}, "res/audios/sfx_select_hospital.mp3": {"crc32": "b2058db1", "tag": "150cc85", "size": 29121}, "res/images/coinClass_5_128x128.png": {"crc32": "45550bd8", "tag": "0fb8b87", "size": 8581}, "res/animations/chuizi.ExportJson": {"crc32": "d1af51f3", "tag": "150cc85", "size": 1772}, "res/images/trap_128x128.png": {"crc32": "0ab94ba3", "tag": "150cc85", "size": 5841}, "res/animations/nuche_2_90.ExportJson": {"crc32": "76180069", "tag": "150cc85", "size": 7107}, "res/images/dragonBlood_128x128_alpha_etc1.png": {"crc32": "0cad162d", "tag": "150cc85", "size": 973}, "res/animations/win.ExportJson": {"crc32": "ae07e577", "tag": "150cc85", "size": 7794}, "res/images/restoreWall_2_128x128_alpha_etc1.png": {"crc32": "83d0356d", "tag": "150cc85", "size": 105}, "res/images/ancientRunes_128x128.png": {"crc32": "1943457a", "tag": "0fb8b87", "size": 5177}, "res/images/dragonHp_3_128x128.png": {"crc32": "e702484d", "tag": "0fb8b87", "size": 8225}, "res/images/chestKey_3_128x128.png": {"crc32": "1dafb974", "tag": "0fb8b87", "size": 3609}, "res/audios/sfx_meatWagon_attack.mp3": {"crc32": "bc1632fb", "tag": "150cc85", "size": 11553}, "res/images/retreatTroop_128x128.png": {"crc32": "ca8d9399", "tag": "150cc85", "size": 5833}, "res/audios/sfx_select_dwelling.mp3": {"crc32": "172b22d5", "tag": "150cc85", "size": 25953}, "res/images/snow.png": {"crc32": "24f141b2", "tag": "150cc85", "size": 697}, "res/animations/toushiche_3_45.ExportJson": {"crc32": "711e2338", "tag": "150cc85", "size": 5335}, "res/animations/kulousheshou_45.ExportJson": {"crc32": "b59f16b1", "tag": "150cc85", "size": 10928}, "res/images/restoreWall_3_128x128_alpha_etc1.png": {"crc32": "b12b41ec", "tag": "150cc85", "size": 201}, "res/images/fogOfTrick_1_128x128.png": {"crc32": "9599d069", "tag": "150cc85", "size": 6477}, "res/images/greenSoul_2_128x128.png": {"crc32": "dae37185", "tag": "0fb8b87", "size": 6697}, "res/images/hideoud_128x128.png": {"crc32": "7d429dd6", "tag": "150cc85", "size": 5149}, "res/images/loading_bg_yellow.png": {"crc32": "e9f9f543", "tag": "0fb8b87", "size": 1905}, "res/images/level0.plist": {"crc32": "83552027", "tag": "150cc85", "size": 15059}, "res/images/tmp_black_dragon_113x128.png": {"crc32": "50c1e64a", "tag": "0fb8b87", "size": 11105}, "res/audios/sfx_troops_back.mp3": {"crc32": "f5579747", "tag": "150cc85", "size": 49185}, "res/images/recover_128x128.png": {"crc32": "8369da3f", "tag": "150cc85", "size": 5989}, "res/images/blueSoul_2_128x128.png": {"crc32": "502c76db", "tag": "0fb8b87", "size": 6333}, "res/images/red_bg_128x128.png": {"crc32": "3e1c6f55", "tag": "0fb8b87", "size": 3261}, "res/images/tmp_alliance_graphic_88x88_1.png": {"crc32": "1442afba", "tag": "0fb8b87", "size": 1593}, "res/images/left_background_1_iceField.jpg": {"crc32": "5cf4cd4b", "tag": "150cc85", "size": 323465}, "res/images/dragonHp_1_128x128.png": {"crc32": "d6693410", "tag": "0fb8b87", "size": 4737}, "res/images/blueSting_s2_128x128.png": {"crc32": "f0a98cc2", "tag": "0fb8b87", "size": 5665}, "res/images/cavalryAtkBonus_1_128x128.png": {"crc32": "22a79342", "tag": "150cc85", "size": 7305}, "res/audios/sfx_step_archer01.mp3": {"crc32": "0d4b206e", "tag": "150cc85", "size": 3105}, "res/audios/sfx_crossbowman_attack.mp3": {"crc32": "5e7746fa", "tag": "150cc85", "size": 10113}, "res/images/fte_select_dragon_desert.jpg": {"crc32": "21a70802", "tag": "150cc85", "size": 61181}, "res/images/infantryAtkBonus_1_128x128_alpha_etc1.png": {"crc32": "934df842", "tag": "150cc85", "size": 165}, "res/images/dragonExp_3_128x128.png": {"crc32": "38e70aef", "tag": "0fb8b87", "size": 8265}, "res/images/tech_siege_128x128_alpha_etc1.png": {"crc32": "676c5d32", "tag": "150cc85", "size": 905}, "res/images/citizenClass_3_128x128_alpha_etc1.png": {"crc32": "1e13af1b", "tag": "150cc85", "size": 213}, "res/animations/nugongshou_1_90.ExportJson": {"crc32": "303acdca", "tag": "150cc85", "size": 13538}, "res/images/stoneBonus_1_128x128_alpha_etc1.png": {"crc32": "1a15bd66", "tag": "150cc85", "size": 185}, "res/audios/sfx_select_mill.mp3": {"crc32": "7b21465e", "tag": "150cc85", "size": 30561}, "res/images/emoji.plist": {"crc32": "31f8e88b", "tag": "150cc85", "size": 112941}, "res/images/mintedcoin_128x128_alpha_etc1.png": {"crc32": "ef8d5831", "tag": "150cc85", "size": 929}, "res/images/citizenClass_1_128x128_alpha_etc1.png": {"crc32": "34bde612", "tag": "150cc85", "size": 141}, "res/images/greenCrystal_128x128.png": {"crc32": "a9ccce54", "tag": "150cc85", "size": 6913}, "res/images/tmp_alliance_graphic_88x88_15.png": {"crc32": "ff8b238e", "tag": "0fb8b87", "size": 1405}, "res/images/ui_png0.plist": {"crc32": "998e390c", "tag": "150cc85", "size": 106475}, "res/images/terrain_pvr1.png": {"crc32": "46060cf7", "tag": "150cc85", "size": 35829}, "res/images/chest_2_128x128.png": {"crc32": "e67b2907", "tag": "0fb8b87", "size": 8177}, "res/animations/heihua_nuche_2_90.ExportJson": {"crc32": "ce52540e", "tag": "150cc85", "size": 7479}, "res/images/world_alliance_desert.png": {"crc32": "23ac027a", "tag": "150cc85", "size": 34417}, "res/images/player_icon_11.png": {"crc32": "c3dd2ac6", "tag": "0fb8b87", "size": 8777}, "res/images/vipPoint_2_128x128.png": {"crc32": "ebdbce9d", "tag": "0fb8b87", "size": 7309}, "res/shaders/multi_tex.fs": {"crc32": "bb697eda", "tag": "150cc85", "size": 513}, "res/animations/heihua_animation_90_1.plist": {"crc32": "6d924de6", "tag": "150cc85", "size": 143203}, "res/animations/heihua_nuche_2_45.ExportJson": {"crc32": "acb0c6fe", "tag": "150cc85", "size": 939}, "res/images/ballista_1.png": {"crc32": "cba8ea58", "tag": "0fb8b87", "size": 14681}, "res/images/tmp_alliance_graphic_88x88_5.png": {"crc32": "625ca300", "tag": "0fb8b87", "size": 2753}, "res/images/siegeEnhance_red_128x128_alpha_etc1.png": {"crc32": "6cd64b46", "tag": "150cc85", "size": 929}, "res/images/greedy_128x128_alpha_etc1.png": {"crc32": "9d3d48ea", "tag": "150cc85", "size": 925}, "res/animations/jinjichenggong.ExportJson": {"crc32": "2b078baf", "tag": "150cc85", "size": 20193}, "res/animations/shaobing_3_90.ExportJson": {"crc32": "9591b4c0", "tag": "150cc85", "size": 10482}, "res/images/restoreWall_1_128x128_alpha_etc1.png": {"crc32": "83d0356d", "tag": "150cc85", "size": 105}, "res/images/change_city_name.png": {"crc32": "184d098b", "tag": "150cc85", "size": 6289}, "res/images/archerenhance_green_128x128_alpha_etc1.png": {"crc32": "a2985e0e", "tag": "150cc85", "size": 941}, "res/images/loyalty_128x128.png": {"crc32": "4cb25e70", "tag": "0fb8b87", "size": 6733}, "res/images/arrow_blue_22x32.png": {"crc32": "8b03bee9", "tag": "150cc85", "size": 729}, "res/animations/shaobing_1_45.ExportJson": {"crc32": "d655a027", "tag": "150cc85", "size": 9050}, "res/images/skeletonWarrior.png": {"crc32": "f0e958d8", "tag": "0fb8b87", "size": 11901}, "res/animations/toushiche_2_45.ExportJson": {"crc32": "a24d4a94", "tag": "150cc85", "size": 5335}, "res/images/rain.png": {"crc32": "774b9971", "tag": "150cc85", "size": 269}, "res/images/greenSting_s4_128x128.png": {"crc32": "56e3fd5e", "tag": "0fb8b87", "size": 10485}, "res/images/player_icon_3.png": {"crc32": "85dd60ff", "tag": "0fb8b87", "size": 8077}, "res/animations/nuche_1_45.ExportJson": {"crc32": "18fb98b9", "tag": "150cc85", "size": 4992}, "res/images/healingAgent_128x128.png": {"crc32": "1bb80e2b", "tag": "150cc85", "size": 5217}, "res/animations/heihua_gongjianshou_3_90.ExportJson": {"crc32": "a2185c20", "tag": "150cc85", "size": 12413}, "res/particles/yan0005.png": {"crc32": "de1a6047", "tag": "150cc85", "size": 45925}, "res/images/deathKnight.png": {"crc32": "b25576af", "tag": "0fb8b87", "size": 15665}, "res/images/stoneCarving_128x128.png": {"crc32": "90e2d2ce", "tag": "150cc85", "size": 5041}, "res/images/citizenBonus_2_128x128_alpha_etc1.png": {"crc32": "2b706c92", "tag": "150cc85", "size": 173}, "res/images/horseArcher_2.png": {"crc32": "a9ca6b78", "tag": "0fb8b87", "size": 15241}, "res/images/redCrown_s1_128x128.png": {"crc32": "e3238e4e", "tag": "0fb8b87", "size": 5973}, "res/images/tmp_alliance_graphic_88x88_3.png": {"crc32": "23dce09c", "tag": "0fb8b87", "size": 1681}, "res/images/insensitive_128x128.png": {"crc32": "c7aad37b", "tag": "150cc85", "size": 5893}, "res/images/beerSupply_128x128.png": {"crc32": "36db29e3", "tag": "150cc85", "size": 4761}, "res/images/archerAtkBonus_128x128_alpha_etc1.png": {"crc32": "bb7a28b0", "tag": "150cc85", "size": 945}, "res/shaders/banner.fs": {"crc32": "7a5c1c42", "tag": "150cc85", "size": 218}, "res/images/infantryEnhance_red_128x128_alpha_etc1.png": {"crc32": "ef8d5831", "tag": "150cc85", "size": 929}, "res/images/fogOfTrick_1_128x128_alpha_etc1.png": {"crc32": "32baf4f3", "tag": "150cc85", "size": 325}, "res/images/chest_3_128x128.png": {"crc32": "7a2349c0", "tag": "0fb8b87", "size": 8549}, "res/animations/heihua_toushiche_2_45.ExportJson": {"crc32": "9342ce09", "tag": "150cc85", "size": 955}, "res/animations/heihua_gongjianshou_3_45.ExportJson": {"crc32": "f2024de0", "tag": "150cc85", "size": 3278}, "res/images/splash_process_bg_606x25.png": {"crc32": "7b338508", "tag": "150cc85", "size": 729}, "res/images/b_sentinel_2.png": {"crc32": "11980b19", "tag": "0fb8b87", "size": 13557}, "res/images/seniorTower_128x128_alpha_etc1.png": {"crc32": "7c52556f", "tag": "150cc85", "size": 1061}, "res/images/masterOfDefender_128x128.png": {"crc32": "fff93a7a", "tag": "0fb8b87", "size": 8357}, "res/images/world_crown.png": {"crc32": "2bc07c0b", "tag": "150cc85", "size": 37877}, "res/images/b_ranger_3.png": {"crc32": "5cb2d1ec", "tag": "0fb8b87", "size": 13397}, "res/images/greenCrown_s4_128x128.png": {"crc32": "7afd673d", "tag": "0fb8b87", "size": 12001}, "res/images/gemClass_2_128x128.png": {"crc32": "f16ba636", "tag": "0fb8b87", "size": 9109}, "res/images/pve_only0.plist": {"crc32": "e691899e", "tag": "150cc85", "size": 17364}, "res/images/sentinel_3.png": {"crc32": "6b06ec02", "tag": "0fb8b87", "size": 14269}, "res/animations/shengdi.ExportJson": {"crc32": "10d5976d", "tag": "150cc85", "size": 10783}, "res/images/chestKey_4_128x128.png": {"crc32": "ab2aea7b", "tag": "0fb8b87", "size": 4165}, "res/images/buildings0.png": {"crc32": "3a2e526c", "tag": "150cc85", "size": 5641401}, "res/images/catapult_3.png": {"crc32": "470206d1", "tag": "0fb8b87", "size": 14057}, "res/animations/qibing_2_90.ExportJson": {"crc32": "639e67b0", "tag": "150cc85", "size": 10844}, "res/images/speedup_1_128x128.png": {"crc32": "427d6368", "tag": "0fb8b87", "size": 4617}, "res/audios/sfx_pve_star2.mp3": {"crc32": "be7e8f7e", "tag": "150cc85", "size": 8392}, "res/images/woodBonus_3_128x128_alpha_etc1.png": {"crc32": "9c4e9ecb", "tag": "150cc85", "size": 177}, "res/images/ironClass_4_128x128.png": {"crc32": "e0bebf15", "tag": "0fb8b87", "size": 7201}, "res/images/restoreWall_2_128x128.png": {"crc32": "aa81efa6", "tag": "150cc85", "size": 7473}, "res/images/cavalryEnhance_red_128x128_alpha_etc1.png": {"crc32": "66a24295", "tag": "150cc85", "size": 929}, "res/images/blackIronIngot_128x128.png": {"crc32": "247e9ce6", "tag": "0fb8b87", "size": 5741}, "res/images/heroBlood_1_128x128.png": {"crc32": "86f269d8", "tag": "0fb8b87", "size": 4397}, "res/audios/bgm_battle.mp3": {"crc32": "3761c93a", "tag": "150cc85", "size": 881467}, "res/images/blueSoul_3_128x128.png": {"crc32": "0cc26ea8", "tag": "0fb8b87", "size": 10233}, "res/audios/sfx_tap_button.mp3": {"crc32": "fa1e13d6", "tag": "150cc85", "size": 1569}, "res/images/flawlessRedCrystal_128x128.png": {"crc32": "260c5bce", "tag": "150cc85", "size": 7241}, "res/animations/cloud0_alpha_etc1.png": {"crc32": "be0db6e9", "tag": "150cc85", "size": 18021}, "res/audios/sfx_gacha.mp3": {"crc32": "d2257335", "tag": "150cc85", "size": 4353}, "res/images/catapult_1.png": {"crc32": "64a28de0", "tag": "0fb8b87", "size": 14437}, "res/audios/sfx_step_siege03.mp3": {"crc32": "0cf317ce", "tag": "150cc85", "size": 11553}, "res/images/lt.png": {"crc32": "c9ca2744", "tag": "150cc85", "size": 5737}, "res/images/upgrade_time_2.png": {"crc32": "0ef2abed", "tag": "0fb8b87", "size": 7789}, "res/images/green_bg_128x128_alpha_etc1.png": {"crc32": "53ccedaa", "tag": "150cc85", "size": 93}, "res/images/right_background_2_iceField.jpg": {"crc32": "01ea1c2a", "tag": "150cc85", "size": 292693}, "res/images/coinBonus_3_128x128_alpha_etc1.png": {"crc32": "f0581f88", "tag": "150cc85", "size": 257}, "res/animations/win_animation.png": {"crc32": "fe0c0af7", "tag": "150cc85", "size": 45229}, "res/animations/soldiers_animation_90_1.plist": {"crc32": "cf2b406b", "tag": "150cc85", "size": 127389}, "res/images/archerenhance_blue_128x128_alpha_etc1.png": {"crc32": "a2985e0e", "tag": "150cc85", "size": 941}, "res/images/citizenClass_3_128x128.png": {"crc32": "703e5bda", "tag": "150cc85", "size": 7409}, "res/images/archerenhance_red_128x128.png": {"crc32": "0381482d", "tag": "150cc85", "size": 5553}, "res/images/blueCrystal_128x128_alpha_etc1.png": {"crc32": "02cbe076", "tag": "150cc85", "size": 205}, "res/animations/heihua_qibing_3_90.ExportJson": {"crc32": "af358dcc", "tag": "150cc85", "size": 11003}, "res/images/foodClass_3_128x128.png": {"crc32": "c1b8d716", "tag": "0fb8b87", "size": 5725}, "res/images/pulley_128x128.png": {"crc32": "dc787eef", "tag": "150cc85", "size": 4689}, "res/images/vipActive_2_128x128.png": {"crc32": "df19aefc", "tag": "0fb8b87", "size": 8589}, "res/animations/win_animation_alpha_etc1.png": {"crc32": "30720b56", "tag": "150cc85", "size": 78089}, "res/images/tech_archer_128x128_alpha_etc1.png": {"crc32": "676c5d32", "tag": "150cc85", "size": 905}, "res/images/b_ballista_3.png": {"crc32": "9671441c", "tag": "0fb8b87", "size": 13417}, "res/images/blue_tex.png": {"crc32": "2692a022", "tag": "150cc85", "size": 1301}, "res/audios/sfx_select_academy.mp3": {"crc32": "7e76c09b", "tag": "150cc85", "size": 35169}, "res/animations/nugongshou_3_90.ExportJson": {"crc32": "a3984e32", "tag": "150cc85", "size": 13556}, "res/images/retreatTroop_128x128_alpha_etc1.png": {"crc32": "ef2fdb54", "tag": "150cc85", "size": 169}, "res/images/blueOrd_s3_128x128.png": {"crc32": "7291eb54", "tag": "0fb8b87", "size": 7561}, "res/images/greenChest_s3_128x128.png": {"crc32": "b17c94d7", "tag": "0fb8b87", "size": 7289}, "res/images/gemClass_3_128x128.png": {"crc32": "7197c95e", "tag": "0fb8b87", "size": 11313}, "res/images/ironBonus_2_128x128_alpha_etc1.png": {"crc32": "ad591360", "tag": "150cc85", "size": 261}, "res/images/tools_128x128.png": {"crc32": "3aad4455", "tag": "150cc85", "size": 5037}, "res/images/leadership_128x128.png": {"crc32": "44d531ca", "tag": "150cc85", "size": 6541}, "res/images/trainingFigure_128x128.png": {"crc32": "880b8fdc", "tag": "150cc85", "size": 4377}, "res/animations/heihua_animation_90_0.plist": {"crc32": "14559c0d", "tag": "150cc85", "size": 95922}, "res/audios/sfx_open_mail.mp3": {"crc32": "c5c0e174", "tag": "150cc85", "size": 11937}, "res/images/greenArmguard_s3_128x128.png": {"crc32": "aeb4aa3c", "tag": "0fb8b87", "size": 9769}, "res/images/infantryAtkBonus_2_128x128.png": {"crc32": "0faa042b", "tag": "150cc85", "size": 7645}, "res/images/crossbowman_2.png": {"crc32": "29b05759", "tag": "0fb8b87", "size": 13349}, "res/images/icon_casinoToken.png": {"crc32": "10098978", "tag": "0fb8b87", "size": 5729}, "res/images/cavalryAtkBonus_2_128x128_alpha_etc1.png": {"crc32": "bbe0388d", "tag": "150cc85", "size": 149}, "res/images/masterOfDefender_1_128x128.png": {"crc32": "5e09fed2", "tag": "0fb8b87", "size": 9281}, "res/images/player_icon_2.png": {"crc32": "dd17c7c8", "tag": "0fb8b87", "size": 8197}, "res/images/saddle_128x128_alpha_etc1.png": {"crc32": "4d057b99", "tag": "150cc85", "size": 221}, "res/images/redCrown_s3_128x128.png": {"crc32": "17ad5b0f", "tag": "0fb8b87", "size": 9941}, "res/images/ironBonus_1_128x128.png": {"crc32": "f2ad949c", "tag": "150cc85", "size": 6441}, "res/images/masterOfDefender_3_128x128.png": {"crc32": "a1922fe8", "tag": "0fb8b87", "size": 9269}, "res/images/siegeEnhance_blue_128x128.png": {"crc32": "49904cb2", "tag": "150cc85", "size": 5297}, "res/images/greenSting_s3_128x128.png": {"crc32": "3f792154", "tag": "0fb8b87", "size": 7897}, "res/audios/sfx_step_cavalry01.mp3": {"crc32": "96d323e6", "tag": "150cc85", "size": 8097}, "res/images/stars.png": {"crc32": "5638d578", "tag": "150cc85", "size": 757}, "res/images/tmp_alliance_graphic_88x88_17.png": {"crc32": "d52803d9", "tag": "0fb8b87", "size": 2025}, "res/images/blueArmguard_s1_128x128.png": {"crc32": "a4dc2dfe", "tag": "0fb8b87", "size": 6717}, "res/images/troopSizeBonus_3_128x128.png": {"crc32": "9955c86e", "tag": "0fb8b87", "size": 6497}, "res/animations/dragon_breath_0.plist": {"crc32": "287e148b", "tag": "150cc85", "size": 20895}, "res/images/arrow_circle_enemy.png": {"crc32": "a3076670", "tag": "150cc85", "size": 7705}, "res/animations/win_animation.plist": {"crc32": "65c69e89", "tag": "150cc85", "size": 5066}, "res/audios/sfx_ranger_attack.mp3": {"crc32": "18fd0f32", "tag": "150cc85", "size": 10113}, "res/shaders/mask.fs": {"crc32": "4272327e", "tag": "150cc85", "size": 747}, "res/audios/sfx_grassland.mp3": {"crc32": "5ef3745c", "tag": "150cc85", "size": 362431}, "res/images/perfectRedCrystal_128x128.png": {"crc32": "350586ab", "tag": "150cc85", "size": 7241}, "res/audios/sfx_troop_sendOut.mp3": {"crc32": "b202ca75", "tag": "150cc85", "size": 42273}, "res/images/redArmguard_s4_128x128.png": {"crc32": "0e2674da", "tag": "0fb8b87", "size": 9949}, "res/audios/sfx_select_townHall.mp3": {"crc32": "bc60c559", "tag": "150cc85", "size": 25665}, "res/images/cavalryAtkBonus_128x128_alpha_etc1.png": {"crc32": "1d7caaae", "tag": "150cc85", "size": 933}, "res/images/greenOrd_s2_128x128.png": {"crc32": "146f3d1b", "tag": "0fb8b87", "size": 6557}, "res/images/cavalryEnhance_red_128x128.png": {"crc32": "618138f9", "tag": "150cc85", "size": 5529}, "res/audios/sfx_select_hunterHall.mp3": {"crc32": "178b390c", "tag": "150cc85", "size": 16737}, "res/images/tmp_alliance_graphic_88x88_10.png": {"crc32": "00110e68", "tag": "0fb8b87", "size": 2213}, "res/images/forestation_128x128.png": {"crc32": "b9dd200e", "tag": "150cc85", "size": 6525}, "res/images/blueOrd_s2_128x128.png": {"crc32": "aab4ae88", "tag": "0fb8b87", "size": 6389}, "res/images/redArmguard_s1_128x128.png": {"crc32": "c18dbab7", "tag": "0fb8b87", "size": 6769}, "res/images/ranger_1.png": {"crc32": "39cdf5e9", "tag": "0fb8b87", "size": 13877}, "res/images/sentinel_1.png": {"crc32": "1cf347c9", "tag": "0fb8b87", "size": 12541}, "res/images/red_packet_1_128x128.png": {"crc32": "53c8e3bc", "tag": "150cc85", "size": 25265}, "res/animations/heihua_nugongshou_3_45.ExportJson": {"crc32": "2f1f625d", "tag": "150cc85", "size": 3474}, "res/i18n/zh_CN.mo": {"crc32": "befe0cb3", "tag": "150cc85", "size": 214351}, "res/images/woodBonus_128x128_alpha_etc1.png": {"crc32": "edd86cf1", "tag": "150cc85", "size": 925}, "res/images/flawedRedCrystal_128x128_alpha_etc1.png": {"crc32": "ef2fdb54", "tag": "150cc85", "size": 169}, "res/animations/xueyuan.ExportJson": {"crc32": "1f719b09", "tag": "150cc85", "size": 1621}, "res/images/left_background_1_desert.jpg": {"crc32": "c03c630f", "tag": "150cc85", "size": 340341}, "res/images/stoneClass_2_128x128.png": {"crc32": "c8b06f9c", "tag": "0fb8b87", "size": 5153}, "res/images/purple_bg_128x128.png": {"crc32": "81f1834f", "tag": "150cc85", "size": 4265}, "res/images/infantryEnhance_green_128x128.png": {"crc32": "80ffd540", "tag": "150cc85", "size": 4077}, "res/images/loading_icon_yellow.png": {"crc32": "71b4eb77", "tag": "0fb8b87", "size": 11193}, "res/animations/kulouyongshi_90.ExportJson": {"crc32": "db7f93cd", "tag": "150cc85", "size": 10957}, "res/images/stoneClass_6_128x128.png": {"crc32": "2905496d", "tag": "0fb8b87", "size": 8689}, "res/audios/sfx_pve.mp3": {"crc32": "f35f3c81", "tag": "150cc85", "size": 23361}, "res/animations/heihua_bubing_3_90.ExportJson": {"crc32": "52de713a", "tag": "150cc85", "size": 10753}, "res/images/heroBlood_3_128x128.png": {"crc32": "36a5714c", "tag": "0fb8b87", "size": 7057}, "res/animations/feiting.ExportJson": {"crc32": "0fe1ae89", "tag": "150cc85", "size": 3423}, "res/images/infantryAtkBonus_1_128x128.png": {"crc32": "74a6bf01", "tag": "150cc85", "size": 7357}, "res/images/foodClass_1_128x128.png": {"crc32": "4bbfe36c", "tag": "0fb8b87", "size": 3653}, "res/images/casinoTokenClass_3_128x128.png": {"crc32": "577da877", "tag": "0fb8b87", "size": 6053}, "res/images/dragonExpBonus_1_128x128.png": {"crc32": "796f9ed5", "tag": "0fb8b87", "size": 7221}, "res/animations/heihua_nugongshou_3_90.ExportJson": {"crc32": "dd1c7a9d", "tag": "150cc85", "size": 13995}, "res/images/cavalryAtkBonus_2_128x128.png": {"crc32": "9dcdaa4b", "tag": "150cc85", "size": 7641}, "res/images/dragonHpBonus_1_128x128.png": {"crc32": "cbbdadb9", "tag": "0fb8b87", "size": 10385}, "res/animations/airship0.plist": {"crc32": "f4fd2aa1", "tag": "150cc85", "size": 4745}, "res/images/player_icon_6.png": {"crc32": "3749063c", "tag": "0fb8b87", "size": 8701}, "res/animations/lvse_box.ExportJson": {"crc32": "0d285e51", "tag": "150cc85", "size": 2584}, "res/animations/heihua_nugongshou_2_90.ExportJson": {"crc32": "c59f07f4", "tag": "150cc85", "size": 13981}, "res/images/flawedGreenCrystal_128x128_alpha_etc1.png": {"crc32": "ef2fdb54", "tag": "150cc85", "size": 169}, "res/animations/daqizi.ExportJson": {"crc32": "68600238", "tag": "150cc85", "size": 3606}, "res/images/woodClass_2_128x128.png": {"crc32": "b97ab066", "tag": "0fb8b87", "size": 6905}, "res/images/blueChest_s4_128x128.png": {"crc32": "dbc09375", "tag": "0fb8b87", "size": 7881}, "res/images/world_title2.png": {"crc32": "06b99ffc", "tag": "150cc85", "size": 15461}, "res/animations/fight0_alpha_etc1.png": {"crc32": "03154518", "tag": "150cc85", "size": 235981}, "res/particles/fire.png": {"crc32": "70786c21", "tag": "150cc85", "size": 2869}, "res/animations/bingyin.ExportJson": {"crc32": "5331a254", "tag": "150cc85", "size": 3207}, "res/animations/shadi_nv.ExportJson": {"crc32": "2c3e8f48", "tag": "150cc85", "size": 5738}, "res/images/fte_background.jpg": {"crc32": "f6d7729b", "tag": "150cc85", "size": 50585}, "res/images/join_alliance_tips_bg_572x536.jpg": {"crc32": "0593b4c5", "tag": "150cc85", "size": 71761}, "res/images/player_icon_4.png": {"crc32": "8e7ba137", "tag": "0fb8b87", "size": 9189}, "res/images/fog.png": {"crc32": "9f7c2984", "tag": "150cc85", "size": 66117}, "res/images/coinClass_6_128x128.png": {"crc32": "a669f4cc", "tag": "0fb8b87", "size": 9265}, "res/animations/nugongshou_3_45.ExportJson": {"crc32": "662fedf0", "tag": "150cc85", "size": 9152}, "res/images/world_title1.jpg": {"crc32": "90714232", "tag": "150cc85", "size": 18437}, "res/images/crossbowman_3.png": {"crc32": "88cfda6b", "tag": "0fb8b87", "size": 13897}, "res/animations/ui_animation_0_alpha_etc1.png": {"crc32": "e02d2b46", "tag": "150cc85", "size": 163849}, "res/images/siegeAtkBonus_128x128.png": {"crc32": "a22c4364", "tag": "150cc85", "size": 5429}, "res/images/troopSizeBonus_1_128x128.png": {"crc32": "25adc352", "tag": "0fb8b87", "size": 6393}, "res/images/plus_right_iceField.png": {"crc32": "49a121de", "tag": "150cc85", "size": 254349}, "res/images/perfectRedCrystal_128x128_alpha_etc1.png": {"crc32": "917cdda7", "tag": "150cc85", "size": 269}, "res/animations/nugongshou_2_45.ExportJson": {"crc32": "8fd4ee5a", "tag": "150cc85", "size": 9150}, "res/images/casinoTokenClass_5_128x128.png": {"crc32": "64658252", "tag": "0fb8b87", "size": 11409}, "res/images/swordsman_1.png": {"crc32": "d6ea9872", "tag": "0fb8b87", "size": 12029}, "res/animations/jin_box.ExportJson": {"crc32": "f578a94b", "tag": "150cc85", "size": 2575}, "res/images/troopSizeBonus_128x128.png": {"crc32": "4f40388c", "tag": "0fb8b87", "size": 5777}, "res/images/terrain_pvr0_alpha_etc1.png": {"crc32": "7c2e6700", "tag": "150cc85", "size": 167193}, "res/images/ironSmelting_128x128_alpha_etc1.png": {"crc32": "0ceb2e76", "tag": "150cc85", "size": 953}, "res/audios/sfx_step_cavalry02.mp3": {"crc32": "34c0ebda", "tag": "150cc85", "size": 2337}, "res/audios/sfx_select_prison.mp3": {"crc32": "74e8ee85", "tag": "150cc85", "size": 23649}, "res/images/tech_siege_128x128.png": {"crc32": "0194ebf9", "tag": "150cc85", "size": 6437}, "res/images/colonization_128x128_alpha_etc1.png": {"crc32": "f0d6a4b3", "tag": "150cc85", "size": 933}, "res/images/redCrystal_128x128_alpha_etc1.png": {"crc32": "02cbe076", "tag": "150cc85", "size": 205}, "res/animations/gongjianshou_2_45.ExportJson": {"crc32": "5debaaae", "tag": "150cc85", "size": 9248}, "res/images/blue_bg_128x128.png": {"crc32": "a9261cda", "tag": "0fb8b87", "size": 2833}, "res/images/dragonChest_2_128x128.png": {"crc32": "ccd0ed2e", "tag": "0fb8b87", "size": 10129}, "res/audios/sfx_select_dragon1.mp3": {"crc32": "96797993", "tag": "150cc85", "size": 18753}, "res/images/stoneClass_5_128x128.png": {"crc32": "e2047b6b", "tag": "0fb8b87", "size": 8733}, "res/animations/heihua_animation_45_0.plist": {"crc32": "1b2ece86", "tag": "150cc85", "size": 51049}, "res/images/changePlayerName_128x128.png": {"crc32": "737e48aa", "tag": "0fb8b87", "size": 4937}, "res/animations/bubing_2_90.ExportJson": {"crc32": "0f9e07d3", "tag": "150cc85", "size": 10538}, "res/images/horseArcher_3.png": {"crc32": "7e74b3f0", "tag": "0fb8b87", "size": 16185}, "res/images/blueCrown_s2_128x128.png": {"crc32": "d501551c", "tag": "0fb8b87", "size": 7617}, "res/images/loading_circle_yellow.png": {"crc32": "6ad5294d", "tag": "150cc85", "size": 3709}, "res/images/infantryAtkBonus_128x128.png": {"crc32": "df275c09", "tag": "150cc85", "size": 5497}, "res/images/arrow_up_mine.png": {"crc32": "af83f9f2", "tag": "150cc85", "size": 6741}, "res/animations/heihua_bubing_3_45.ExportJson": {"crc32": "163b20f2", "tag": "150cc85", "size": 3404}, "res/images/region_only1_alpha_etc1.png": {"crc32": "30e79238", "tag": "150cc85", "size": 62637}, "res/animations/heihua_shaobing_2_90.ExportJson": {"crc32": "2e99b766", "tag": "150cc85", "size": 10884}, "res/particles/fire_wall.plist": {"crc32": "cf286eeb", "tag": "150cc85", "size": 2864}, "res/images/stamina_3_128x128.png": {"crc32": "563362a0", "tag": "0fb8b87", "size": 7185}, "res/animations/youqibing_3_90.ExportJson": {"crc32": "6f87985f", "tag": "150cc85", "size": 13298}, "res/images/coinBonus_1_128x128.png": {"crc32": "47571451", "tag": "150cc85", "size": 6557}, "res/audios/sfx_horseArcher_attack.mp3": {"crc32": "187f478d", "tag": "150cc85", "size": 11553}, "res/images/healingAgent_128x128_alpha_etc1.png": {"crc32": "ef8d5831", "tag": "150cc85", "size": 929}, "res/images/left_background_1_grassLand.jpg": {"crc32": "fd5d4ac0", "tag": "150cc85", "size": 556157}, "res/images/tech_cavalry_128x128_alpha_etc1.png": {"crc32": "676c5d32", "tag": "150cc85", "size": 905}, "res/images/world_tile.png": {"crc32": "1eba5c5d", "tag": "150cc85", "size": 3581}, "res/images/coinClass_4_128x128.png": {"crc32": "85543bce", "tag": "0fb8b87", "size": 7837}, "res/animations/building_animation0.plist": {"crc32": "de1fc1b2", "tag": "150cc85", "size": 80899}, "res/images/redSting_s3_128x128.png": {"crc32": "592ea386", "tag": "0fb8b87", "size": 7817}, "res/audios/sfx_troop_recruit.mp3": {"crc32": "3895d1fb", "tag": "150cc85", "size": 18465}, "res/images/redSting_s2_128x128.png": {"crc32": "42c2d64d", "tag": "0fb8b87", "size": 5773}, "res/images/battleHunger_128x128_alpha_etc1.png": {"crc32": "8c30e321", "tag": "150cc85", "size": 933}, "res/images/redArmguard_s3_128x128.png": {"crc32": "f4603249", "tag": "0fb8b87", "size": 9821}, "res/images/stoneBonus_128x128_alpha_etc1.png": {"crc32": "aa2d4d28", "tag": "150cc85", "size": 921}, "res/images/ironBonus_128x128.png": {"crc32": "f621357b", "tag": "150cc85", "size": 5701}, "res/images/red_packet_3_128x128.png": {"crc32": "ced88790", "tag": "150cc85", "size": 26525}, "res/images/splash_logo_515x92.png": {"crc32": "c702ea18", "tag": "150cc85", "size": 8869}, "res/images/sweep_128x128_alpha_etc1.png": {"crc32": "fdbeaa08", "tag": "150cc85", "size": 1865}, "res/images/b_catapult_3.png": {"crc32": "d7bfd4f5", "tag": "0fb8b87", "size": 12781}, "res/images/foodBonus_3_128x128.png": {"crc32": "4f168713", "tag": "150cc85", "size": 7669}, "res/images/greenArmguard_s4_128x128.png": {"crc32": "13236dba", "tag": "0fb8b87", "size": 10105}, "res/images/ballista_3.png": {"crc32": "0c61bd9d", "tag": "0fb8b87", "size": 13517}, "res/images/upgrade_time_1.png": {"crc32": "9c93cc3f", "tag": "0fb8b87", "size": 6057}, "res/images/trainingFigure_128x128_alpha_etc1.png": {"crc32": "29a84fd1", "tag": "150cc85", "size": 273}, "res/images/chest_1_128x128.png": {"crc32": "6259a966", "tag": "0fb8b87", "size": 9733}, "res/animations/fight0.png": {"crc32": "de68e524", "tag": "150cc85", "size": 296353}, "res/images/change_city_name_alpha_etc1.png": {"crc32": "ef2fdb54", "tag": "150cc85", "size": 169}, "res/images/background_red_558x42.png": {"crc32": "75d7e49b", "tag": "150cc85", "size": 3245}, "res/images/speedup_8_128x128.png": {"crc32": "7dfb8df7", "tag": "0fb8b87", "size": 12901}, "res/images/stamina_2_128x128.png": {"crc32": "6e2e3636", "tag": "0fb8b87", "size": 6521}, "res/animations/world_animation0.plist": {"crc32": "a9daaeea", "tag": "150cc85", "size": 6663}, "res/images/arrow_red_22x32.png": {"crc32": "a94fbeec", "tag": "150cc85", "size": 729}, "res/images/icon_dolly_128x128.png": {"crc32": "ab31f440", "tag": "0fb8b87", "size": 6833}, "res/animations/heihua_animation_90_0_alpha_etc1.png": {"crc32": "7be032e1", "tag": "150cc85", "size": 476397}, "res/images/tiles_128x128.png": {"crc32": "6bb117c3", "tag": "150cc85", "size": 7457}, "res/images/airship.png": {"crc32": "4ed46eed", "tag": "150cc85", "size": 77013}, "res/images/redOrd_s4_128x128.png": {"crc32": "ab9d9ff7", "tag": "0fb8b87", "size": 8969}, "res/images/greenCrystal_128x128_alpha_etc1.png": {"crc32": "02cbe076", "tag": "150cc85", "size": 205}, "res/animations/heihua_toushiche_3_90.ExportJson": {"crc32": "ff67f4c9", "tag": "150cc85", "size": 9252}, "res/audios/sfx_select_stable.mp3": {"crc32": "f8047306", "tag": "150cc85", "size": 24513}, "res/images/beerSupply_128x128_alpha_etc1.png": {"crc32": "046b18f6", "tag": "150cc85", "size": 933}, "res/images/insensitive_128x128_alpha_etc1.png": {"crc32": "08bb5edc", "tag": "150cc85", "size": 941}, "res/images/tmp_alliance_graphic_88x88_24.png": {"crc32": "e18d21e0", "tag": "0fb8b87", "size": 1729}, "res/images/coinClass_2_128x128.png": {"crc32": "8b191a78", "tag": "0fb8b87", "size": 4029}, "res/images/mithrilIngot_128x128.png": {"crc32": "b9965d74", "tag": "0fb8b87", "size": 8037}, "res/tmxmaps/tile.png": {"crc32": "55430dd6", "tag": "150cc85", "size": 1557}, "res/images/fight_line_6x17.png": {"crc32": "2c82716f", "tag": "150cc85", "size": 121}, "res/images/heroBones_128x128_alpha_etc1.png": {"crc32": "7c552dc8", "tag": "150cc85", "size": 89}, "res/images/vipPoint_1_128x128.png": {"crc32": "4bb479b6", "tag": "0fb8b87", "size": 6085}, "res/images/ironClass_1_128x128.png": {"crc32": "ad96fa82", "tag": "0fb8b87", "size": 4077}, "res/images/city_filter.png": {"crc32": "8d9ae327", "tag": "150cc85", "size": 865645}, "res/animations/nugongshou_2_90.ExportJson": {"crc32": "5c572960", "tag": "150cc85", "size": 13597}, "res/images/pve_only0.png": {"crc32": "0e3f22b4", "tag": "150cc85", "size": 536457}, "res/images/redSoul_2_128x128.png": {"crc32": "8e15118d", "tag": "0fb8b87", "size": 7393}, "res/images/archerenhance_blue_128x128.png": {"crc32": "e05682b7", "tag": "150cc85", "size": 5665}, "res/images/emoji_alpha_etc1.png": {"crc32": "23a1ff57", "tag": "150cc85", "size": 90513}, "res/audios/ui_blacksmith_forge.mp3": {"crc32": "e7f9b1e5", "tag": "150cc85", "size": 11841}, "res/particles/BoilingFoam.plist": {"crc32": "a70646b9", "tag": "150cc85", "size": 2711}, "res/images/arrow_green_22x32.png": {"crc32": "27a1d01f", "tag": "150cc85", "size": 729}, "res/animations/youqibing_1_90.ExportJson": {"crc32": "8549cf94", "tag": "150cc85", "size": 13298}, "res/images/troopSizeBonus_2_128x128.png": {"crc32": "d7e9e85b", "tag": "0fb8b87", "size": 6821}, "res/audios/sfx_dragonPK.mp3": {"crc32": "33ddc56a", "tag": "150cc85", "size": 9249}, "res/images/ranger_3.png": {"crc32": "c88d8a9c", "tag": "0fb8b87", "size": 14225}, "res/images/stoneClass_3_128x128.png": {"crc32": "c8dd88e6", "tag": "0fb8b87", "size": 6417}, "res/images/world_alliance_grassLand.png": {"crc32": "d8ed36a8", "tag": "150cc85", "size": 35453}, "res/images/archerAtkBonus_3_128x128.png": {"crc32": "f71147ee", "tag": "150cc85", "size": 7833}, "res/animations/Cloud_Animation.ExportJson": {"crc32": "b5c21bfc", "tag": "150cc85", "size": 29357}, "res/animations/region_animation_0.png": {"crc32": "daacfc15", "tag": "150cc85", "size": 119969}, "res/images/crossbowman_1.png": {"crc32": "b301e817", "tag": "0fb8b87", "size": 13029}, "res/images/blueArmguard_s4_128x128.png": {"crc32": "746b36f9", "tag": "0fb8b87", "size": 9973}, "res/shaders/customer_color.fsh": {"crc32": "be4f8462", "tag": "150cc85", "size": 272}, "res/images/earthquake_128x128_alpha_etc1.png": {"crc32": "7c153e98", "tag": "150cc85", "size": 929}, "res/images/horseArcher_1.png": {"crc32": "9d39e32c", "tag": "0fb8b87", "size": 15473}, "res/images/infantryEnhance_blue_128x128_alpha_etc1.png": {"crc32": "ef8d5831", "tag": "150cc85", "size": 929}, "res/images/siegeAtkBonus_1_128x128_alpha_etc1.png": {"crc32": "1884fcf0", "tag": "150cc85", "size": 149}, "res/animations/cloud0.png": {"crc32": "d1287139", "tag": "150cc85", "size": 15769}, "res/images/casinoTokenClass_1_128x128.png": {"crc32": "6d4b7b1c", "tag": "0fb8b87", "size": 4613}, "res/images/upgrade_time_3.png": {"crc32": "df8c4281", "tag": "0fb8b87", "size": 8321}, "res/audios/sfx_select_trainingGround.mp3": {"crc32": "4a204d67", "tag": "150cc85", "size": 61473}, "res/images/dragonExpBonus_128x128.png": {"crc32": "05264ae8", "tag": "0fb8b87", "size": 6361}, "res/animations/soldiers_animation_90_0_alpha_etc1.png": {"crc32": "25534bed", "tag": "150cc85", "size": 451253}, "res/images/ironBonus_3_128x128_alpha_etc1.png": {"crc32": "d06a377d", "tag": "150cc85", "size": 233}, "res/images/ironPart_128x128_alpha_etc1.png": {"crc32": "916f3da5", "tag": "150cc85", "size": 213}, "res/images/archerenhance_red_128x128_alpha_etc1.png": {"crc32": "a2985e0e", "tag": "150cc85", "size": 941}, "res/images/tmp_alliance_graphic_88x88_25.png": {"crc32": "462595eb", "tag": "0fb8b87", "size": 2621}, "res/tmxmaps/terrain1.png": {"crc32": "94e14b6a", "tag": "150cc85", "size": 854357}, "res/images/archerAtkBonus_1_128x128_alpha_etc1.png": {"crc32": "4f65308c", "tag": "150cc85", "size": 185}, "res/images/siegeEnhance_green_128x128_alpha_etc1.png": {"crc32": "6cd64b46", "tag": "150cc85", "size": 929}, "res/audios/sfx_select_tradeGuild.mp3": {"crc32": "0e170853", "tag": "150cc85", "size": 18177}, "res/images/archerAtkBonus_3_128x128_alpha_etc1.png": {"crc32": "443bf33d", "tag": "150cc85", "size": 293}, "res/images/perfectBlueCrystal_128x128_alpha_etc1.png": {"crc32": "917cdda7", "tag": "150cc85", "size": 269}, "res/images/fastFix_128x128_alpha_etc1.png": {"crc32": "6aa910ae", "tag": "150cc85", "size": 921}, "res/images/fte_select_dragon_iceField.jpg": {"crc32": "3807c7d6", "tag": "150cc85", "size": 61037}, "res/audios/bgm_peace.mp3": {"crc32": "e9a0732e", "tag": "150cc85", "size": 918093}, "res/images/greenChest_s4_128x128.png": {"crc32": "886d63b3", "tag": "0fb8b87", "size": 8009}, "res/animations/soldiers_animation_90_0.png": {"crc32": "eb2d667b", "tag": "150cc85", "size": 719705}, "res/images/tmp_alliance_graphic_88x88_23.png": {"crc32": "64571c7a", "tag": "0fb8b87", "size": 2437}, "res/images/meatWagon.png": {"crc32": "b6708ad9", "tag": "0fb8b87", "size": 15221}, "res/images/blueprints_128x128_alpha_etc1.png": {"crc32": "ef2fdb54", "tag": "150cc85", "size": 169}, "res/images/stoneBonus_2_128x128_alpha_etc1.png": {"crc32": "a17620ec", "tag": "150cc85", "size": 181}, "res/images/world_terrain.jpg": {"crc32": "cbad06f0", "tag": "150cc85", "size": 96989}, "res/images/foodBonus_2_128x128.png": {"crc32": "edda4999", "tag": "150cc85", "size": 7529}, "res/images/elementalRunes_128x128.png": {"crc32": "a886306b", "tag": "0fb8b87", "size": 5529}, "res/images/soulStone_128x128_alpha_etc1.png": {"crc32": "7c552dc8", "tag": "150cc85", "size": 89}, "res/images/cavalryEnhance_green_128x128_alpha_etc1.png": {"crc32": "66a24295", "tag": "150cc85", "size": 929}, "res/animations/gongjianshou_1_45.ExportJson": {"crc32": "f50593c7", "tag": "150cc85", "size": 9250}, "res/images/ui_pvr0.png": {"crc32": "78a146b0", "tag": "150cc85", "size": 3551357}}}